id,nombre,codigo,estrato,id_comuna,created,updated
2000,Terrón Colorado,101,2,1000,2023-05-21T13:03:04.887992-05:00,2023-05-21T13:03:04.888298-05:00
2001,Vista Hermosa,102,1,1000,2023-05-21T13:03:04.887992-05:00,2023-05-21T13:03:04.888298-05:00
2002,Sector Patio Bonito,196,1,1000,2023-05-21T13:03:04.887992-05:00,2023-05-21T13:03:04.888298-05:00
2003,Aguacatal,199,1,1000,2023-05-21T13:03:04.887992-05:00,2023-05-21T13:03:04.888298-05:00
2004,Santa Rita,201,6,1001,2023-05-21T13:03:04.887992-05:00,2023-05-21T13:03:04.888298-05:00
2005,Santa Teresita,202,6,1001,2023-05-21T13:03:04.887992-05:00,2023-05-21T13:03:04.888298-05:00
2006,Arboledas,203,6,1001,2023-05-21T13:03:04.887992-05:00,2023-05-21T13:03:04.888298-05:00
2007,Normandía,204,6,1001,2023-05-21T13:03:04.887992-05:00,2023-05-21T13:03:04.888298-05:00
2008,Juanambú,205,5,1001,2023-05-21T13:03:04.887992-05:00,2023-05-21T13:03:04.888298-05:00
2009,Centenario,206,5,1001,2023-05-21T13:03:04.887992-05:00,2023-05-21T13:03:04.888298-05:00
2010,Granada,207,4,1001,2023-05-21T13:03:04.887992-05:00,2023-05-21T13:03:04.888298-05:00
2011,Versalles,208,5,1001,2023-05-21T13:03:04.887992-05:00,2023-05-21T13:03:04.888298-05:00
2012,San Vicente,209,4,1001,2023-05-21T13:03:04.887992-05:00,2023-05-21T13:03:04.888298-05:00
2013,Santa Mónica,210,5,1001,2023-05-21T13:03:04.887992-05:00,2023-05-21T13:03:04.888298-05:00
2014,Prados del Norte,211,5,1001,2023-05-21T13:03:04.887992-05:00,2023-05-21T13:03:04.888298-05:00
2015,La Flora,212,5,1001,2023-05-21T13:03:04.887992-05:00,2023-05-21T13:03:04.888298-05:00
2016,La Campiña,213,4,1001,2023-05-21T13:03:04.887992-05:00,2023-05-21T13:03:04.888298-05:00
2017,La Paz,214,3,1001,2023-05-21T13:03:04.887992-05:00,2023-05-21T13:03:04.888298-05:00
2018,El Bosque,215,5,1001,2023-05-21T13:03:04.887992-05:00,2023-05-21T13:03:04.888298-05:00
2019,Menga,216,6,1001,2023-05-21T13:03:04.887992-05:00,2023-05-21T13:03:04.888298-05:00
2020,Ciudad Los Alamos,217,4,1001,2023-05-21T13:03:04.887992-05:00,2023-05-21T13:03:04.888298-05:00
2021,Chipichape,218,4,1001,2023-05-21T13:03:04.887992-05:00,2023-05-21T13:03:04.888298-05:00
2022,Brisas de los Alamos,219,3,1001,2023-05-21T13:03:04.887992-05:00,2023-05-21T13:03:04.888298-05:00
2023,Urbanización La Merced,293,4,1001,2023-05-21T13:03:04.887992-05:00,2023-05-21T13:03:04.888298-05:00
2024,Vipasa,294,4,1001,2023-05-21T13:03:04.887992-05:00,2023-05-21T13:03:04.888298-05:00
2025,Urbanización La Flora,295,5,1001,2023-05-21T13:03:04.887992-05:00,2023-05-21T13:03:04.888298-05:00
2026,Altos de Menga,296,1,1001,2023-05-21T13:03:04.887992-05:00,2023-05-21T13:03:04.888298-05:00
2027,Sector Altos Normandía,297,1,1001,2023-05-21T13:03:04.887992-05:00,2023-05-21T13:03:04.888298-05:00
2028,Senderos de la Flora,298,5,1001,2023-05-21T13:03:04.887992-05:00,2023-05-21T13:03:04.888298-05:00
2029,El Nacional,301,3,1002,2023-05-21T13:03:04.887992-05:00,2023-05-21T13:03:04.888298-05:00
2030,El Peñón,302,5,1002,2023-05-21T13:03:04.887992-05:00,2023-05-21T13:03:04.888298-05:00
2031,San Antonio,303,3,1002,2023-05-21T13:03:04.887992-05:00,2023-05-21T13:03:04.888298-05:00
2032,San Cayetano,304,3,1002,2023-05-21T13:03:04.887992-05:00,2023-05-21T13:03:04.888298-05:00
2033,Los Libertadores,305,3,1002,2023-05-21T13:03:04.887992-05:00,2023-05-21T13:03:04.888298-05:00
2034,San Juan Bosco,306,3,1002,2023-05-21T13:03:04.887992-05:00,2023-05-21T13:03:04.888298-05:00
2035,Santa Rosa,307,3,1002,2023-05-21T13:03:04.887992-05:00,2023-05-21T13:03:04.888298-05:00
2036,La Merced,308,3,1002,2023-05-21T13:03:04.887992-05:00,2023-05-21T13:03:04.888298-05:00
2037,San Pascual,309,1,1002,2023-05-21T13:03:04.887992-05:00,2023-05-21T13:03:04.888298-05:00
2038,El Calvario,310,3,1002,2023-05-21T13:03:04.887992-05:00,2023-05-21T13:03:04.888298-05:00
2039,San Pedro,311,3,1002,2023-05-21T13:03:04.887992-05:00,2023-05-21T13:03:04.888298-05:00
2040,San Nicolas,312,2,1002,2023-05-21T13:03:04.887992-05:00,2023-05-21T13:03:04.888298-05:00
2041,El Hoyo,313,3,1002,2023-05-21T13:03:04.887992-05:00,2023-05-21T13:03:04.888298-05:00
2042,El Piloto,314,2,1002,2023-05-21T13:03:04.887992-05:00,2023-05-21T13:03:04.888298-05:00
2043,Navarro - La Chanca,315,3,1002,2023-05-21T13:03:04.887992-05:00,2023-05-21T13:03:04.888298-05:00
2044,Jorge Isaacs,401,2,1003,2023-05-21T13:03:04.887992-05:00,2023-05-21T13:03:04.888298-05:00
2045,Santander,402,2,1003,2023-05-21T13:03:04.887992-05:00,2023-05-21T13:03:04.888298-05:00
2046,Porvenir,403,2,1003,2023-05-21T13:03:04.887992-05:00,2023-05-21T13:03:04.888298-05:00
2047,Las Delicias,404,3,1003,2023-05-21T13:03:04.887992-05:00,2023-05-21T13:03:04.888298-05:00
2048,Manzanares,405,3,1003,2023-05-21T13:03:04.887992-05:00,2023-05-21T13:03:04.888298-05:00
2049,Salomia,406,3,1003,2023-05-21T13:03:04.887992-05:00,2023-05-21T13:03:04.888298-05:00
2050,Fátima,407,2,1003,2023-05-21T13:03:04.887992-05:00,2023-05-21T13:03:04.888298-05:00
2051,Sultana - Berlín - San Francisco,408,2,1003,2023-05-21T13:03:04.887992-05:00,2023-05-21T13:03:04.888298-05:00
2052,Popular,410,3,1003,2023-05-21T13:03:04.887992-05:00,2023-05-21T13:03:04.888298-05:00
2053,Ignacio Rengifo,411,3,1003,2023-05-21T13:03:04.887992-05:00,2023-05-21T13:03:04.888298-05:00
2054,Guillermo Valencia,412,2,1003,2023-05-21T13:03:04.887992-05:00,2023-05-21T13:03:04.888298-05:00
2055,La Isla,413,2,1003,2023-05-21T13:03:04.887992-05:00,2023-05-21T13:03:04.888298-05:00
2056,Marco Fidel Suárez,414,2,1003,2023-05-21T13:03:04.887992-05:00,2023-05-21T13:03:04.888298-05:00
2057,Evaristo García,415,2,1003,2023-05-21T13:03:04.887992-05:00,2023-05-21T13:03:04.888298-05:00
2058,La Esmeralda,416,2,1003,2023-05-21T13:03:04.887992-05:00,2023-05-21T13:03:04.888298-05:00
2059,Bolivariano,417,2,1003,2023-05-21T13:03:04.887992-05:00,2023-05-21T13:03:04.888298-05:00
2060,Olaya Herrera,418,2,1003,2023-05-21T13:03:04.887992-05:00,2023-05-21T13:03:04.888298-05:00
2061,Unidad Residencial Bueno Madrid,419,3,1003,2023-05-21T13:03:04.887992-05:00,2023-05-21T13:03:04.888298-05:00
2062,Flora Industrial,420,3,1003,2023-05-21T13:03:04.887992-05:00,2023-05-21T13:03:04.888298-05:00
2063,Calima,421,3,1003,2023-05-21T13:03:04.887992-05:00,2023-05-21T13:03:04.888298-05:00
2064,Industria de Licores,423,NR,1003,2023-05-21T13:03:04.887992-05:00,2023-05-21T13:03:04.888298-05:00
2065,La Alianza,497,3,1003,2023-05-21T13:03:04.887992-05:00,2023-05-21T13:03:04.888298-05:00
2066,El Sena,501,3,1004,2023-05-21T13:03:04.887992-05:00,2023-05-21T13:03:04.888298-05:00
2067,Los Andes,502,3,1004,2023-05-21T13:03:04.887992-05:00,2023-05-21T13:03:04.888298-05:00
2068,Los Guayacanes,503,3,1004,2023-05-21T13:03:04.887992-05:00,2023-05-21T13:03:04.888298-05:00
2069,Chiminangos Segunda Etapa,504,3,1004,2023-05-21T13:03:04.887992-05:00,2023-05-21T13:03:04.888298-05:00
2070,Chiminangos Primera Etapa,505,3,1004,2023-05-21T13:03:04.887992-05:00,2023-05-21T13:03:04.888298-05:00
2071,Metropolitano del Norte,506,3,1004,2023-05-21T13:03:04.887992-05:00,2023-05-21T13:03:04.888298-05:00
2072,Los Parques - Barranquilla,594,3,1004,2023-05-21T13:03:04.887992-05:00,2023-05-21T13:03:04.888298-05:00
2073,Villa del Sol,595,4,1004,2023-05-21T13:03:04.887992-05:00,2023-05-21T13:03:04.888298-05:00
2074,Paseo de Los Almendros,596,3,1004,2023-05-21T13:03:04.887992-05:00,2023-05-21T13:03:04.888298-05:00
2075,Los Andes B - La Riviera,597,3,1004,2023-05-21T13:03:04.887992-05:00,2023-05-21T13:03:04.888298-05:00
2076,Torres de Comfandi,598,3,1004,2023-05-21T13:03:04.887992-05:00,2023-05-21T13:03:04.888298-05:00
2077,Villa del Prado - El Guabito,599,3,1004,2023-05-21T13:03:04.887992-05:00,2023-05-21T13:03:04.888298-05:00
2078,San Luís,601,2,1005,2023-05-21T13:03:04.887992-05:00,2023-05-21T13:03:04.888298-05:00
2079,Jorge Eliecer Gaitán,602,2,1005,2023-05-21T13:03:04.887992-05:00,2023-05-21T13:03:04.888298-05:00
2080,Paso del Comercio,603,2,1005,2023-05-21T13:03:04.887992-05:00,2023-05-21T13:03:04.888298-05:00
2081,Los Alcázares,604,3,1005,2023-05-21T13:03:04.887992-05:00,2023-05-21T13:03:04.888298-05:00
2082,Petecuy Primera Etapa,605,2,1005,2023-05-21T13:03:04.887992-05:00,2023-05-21T13:03:04.888298-05:00
2083,Petecuy Segunda Etapa,606,2,1005,2023-05-21T13:03:04.887992-05:00,2023-05-21T13:03:04.888298-05:00
2084,La Rivera Primera Etapa,607,2,1005,2023-05-21T13:03:04.887992-05:00,2023-05-21T13:03:04.888298-05:00
2085,Los Guaduales,608,3,1005,2023-05-21T13:03:04.887992-05:00,2023-05-21T13:03:04.888298-05:00
2086,Petecuy Tercera Etapa,609,2,1005,2023-05-21T13:03:04.887992-05:00,2023-05-21T13:03:04.888298-05:00
2087,Ciudadela Floralia,610,2,1005,2023-05-21T13:03:04.887992-05:00,2023-05-21T13:03:04.888298-05:00
2088,Fonaviemcali,695,3,1005,2023-05-21T13:03:04.887992-05:00,2023-05-21T13:03:04.888298-05:00
2089,San Luís II,696,2,1005,2023-05-21T13:03:04.887992-05:00,2023-05-21T13:03:04.888298-05:00
2090,Urbanización Calimio,697,2,1005,2023-05-21T13:03:04.887992-05:00,2023-05-21T13:03:04.888298-05:00
2091,Sector Puente del Comercio,698,2,1005,2023-05-21T13:03:04.887992-05:00,2023-05-21T13:03:04.888298-05:00
2092,Alfonso López P. 1a. Etapa,701,3,1006,2023-05-21T13:03:04.887992-05:00,2023-05-21T13:03:04.888298-05:00
2093,Alfonso López P. 2a. Etapa,702,3,1006,2023-05-21T13:03:04.887992-05:00,2023-05-21T13:03:04.888298-05:00
2094,Alfonso López P. 3a. Etapa,703,3,1006,2023-05-21T13:03:04.887992-05:00,2023-05-21T13:03:04.888298-05:00
2095,Puerto Nuevo,704,1,1006,2023-05-21T13:03:04.887992-05:00,2023-05-21T13:03:04.888298-05:00
2096,Puerto Mallarino,705,2,1006,2023-05-21T13:03:04.887992-05:00,2023-05-21T13:03:04.888298-05:00
2097,Urbanización El Angel del Hogar,706,2,1006,2023-05-21T13:03:04.887992-05:00,2023-05-21T13:03:04.888298-05:00
2098,Siete de Agosto,707,3,1006,2023-05-21T13:03:04.887992-05:00,2023-05-21T13:03:04.888298-05:00
2099,Los Pinos,708,2,1006,2023-05-21T13:03:04.887992-05:00,2023-05-21T13:03:04.888298-05:00
2100,San Marino,709,2,1006,2023-05-21T13:03:04.887992-05:00,2023-05-21T13:03:04.888298-05:00
2101,Las Ceibas,710,3,1006,2023-05-21T13:03:04.887992-05:00,2023-05-21T13:03:04.888298-05:00
2102,Base Aérea,711,NR,1006,2023-05-21T13:03:04.887992-05:00,2023-05-21T13:03:04.888298-05:00
2103,Parque de la Caña,797,3,1006,2023-05-21T13:03:04.887992-05:00,2023-05-21T13:03:04.888298-05:00
2104,Fepicol,798,3,1006,2023-05-21T13:03:04.887992-05:00,2023-05-21T13:03:04.888298-05:00
2105,Primitivo Crespo,801,2,1007,2023-05-21T13:03:04.887992-05:00,2023-05-21T13:03:04.888298-05:00
2106,Simón Bolívar,802,3,1007,2023-05-21T13:03:04.887992-05:00,2023-05-21T13:03:04.888298-05:00
2107,Saavedra Galindo,803,2,1007,2023-05-21T13:03:04.887992-05:00,2023-05-21T13:03:04.888298-05:00
2108,Uribe Uribe,804,2,1007,2023-05-21T13:03:04.887992-05:00,2023-05-21T13:03:04.888298-05:00
2109,Santa Mónica Popular,805,3,1007,2023-05-21T13:03:04.887992-05:00,2023-05-21T13:03:04.888298-05:00
2110,La Floresta,806,3,1007,2023-05-21T13:03:04.887992-05:00,2023-05-21T13:03:04.888298-05:00
2111,Benjamín Herrera,807,3,1007,2023-05-21T13:03:04.887992-05:00,2023-05-21T13:03:04.888298-05:00
2112,Municipal,808,3,1007,2023-05-21T13:03:04.887992-05:00,2023-05-21T13:03:04.888298-05:00
2113,Industrial,809,2,1007,2023-05-21T13:03:04.887992-05:00,2023-05-21T13:03:04.888298-05:00
2114,El Troncal,810,3,1007,2023-05-21T13:03:04.887992-05:00,2023-05-21T13:03:04.888298-05:00
2115,Las Américas,811,3,1007,2023-05-21T13:03:04.887992-05:00,2023-05-21T13:03:04.888298-05:00
2116,Atanasio Girardot,812,3,1007,2023-05-21T13:03:04.887992-05:00,2023-05-21T13:03:04.888298-05:00
2117,Santa Fe,813,3,1007,2023-05-21T13:03:04.887992-05:00,2023-05-21T13:03:04.888298-05:00
2118,Chapinero,814,3,1007,2023-05-21T13:03:04.887992-05:00,2023-05-21T13:03:04.888298-05:00
2119,Villa Colombia,815,3,1007,2023-05-21T13:03:04.887992-05:00,2023-05-21T13:03:04.888298-05:00
2120,EL Trébol,816,3,1007,2023-05-21T13:03:04.887992-05:00,2023-05-21T13:03:04.888298-05:00
2121,La Base,817,3,1007,2023-05-21T13:03:04.887992-05:00,2023-05-21T13:03:04.888298-05:00
2122,Urbanización La Nueva Base,818,3,1007,2023-05-21T13:03:04.887992-05:00,2023-05-21T13:03:04.888298-05:00
2123,Alameda,901,3,1008,2023-05-21T13:03:04.887992-05:00,2023-05-21T13:03:04.888298-05:00
2124,Bretaña,902,3,1008,2023-05-21T13:03:04.887992-05:00,2023-05-21T13:03:04.888298-05:00
2125,Junín,903,3,1008,2023-05-21T13:03:04.887992-05:00,2023-05-21T13:03:04.888298-05:00
2126,Guayaquil,904,3,1008,2023-05-21T13:03:04.887992-05:00,2023-05-21T13:03:04.888298-05:00
2127,Aranjuez,905,3,1008,2023-05-21T13:03:04.887992-05:00,2023-05-21T13:03:04.888298-05:00
2128,Manuel María Buenaventura,906,3,1008,2023-05-21T13:03:04.887992-05:00,2023-05-21T13:03:04.888298-05:00
2129,Santa Mónica Belalcázar,907,3,1008,2023-05-21T13:03:04.887992-05:00,2023-05-21T13:03:04.888298-05:00
2130,Belalcázar,908,3,1008,2023-05-21T13:03:04.887992-05:00,2023-05-21T13:03:04.888298-05:00
2131,Sucre,909,1,1008,2023-05-21T13:03:04.887992-05:00,2023-05-21T13:03:04.888298-05:00
2132,Barrio Obrero,910,2,1008,2023-05-21T13:03:04.887992-05:00,2023-05-21T13:03:04.888298-05:00
2133,El Dorado,1001,3,1009,2023-05-21T13:03:04.887992-05:00,2023-05-21T13:03:04.888298-05:00
2134,El Guabal,1002,3,1009,2023-05-21T13:03:04.887992-05:00,2023-05-21T13:03:04.888298-05:00
2135,La Libertad,1003,3,1009,2023-05-21T13:03:04.887992-05:00,2023-05-21T13:03:04.888298-05:00
2136,Santa Elena,1004,3,1009,2023-05-21T13:03:04.887992-05:00,2023-05-21T13:03:04.888298-05:00
2137,Las Acacias,1005,3,1009,2023-05-21T13:03:04.887992-05:00,2023-05-21T13:03:04.888298-05:00
2138,Santo Domingo,1006,3,1009,2023-05-21T13:03:04.887992-05:00,2023-05-21T13:03:04.888298-05:00
2139,Jorge Zawadsky,1007,3,1009,2023-05-21T13:03:04.887992-05:00,2023-05-21T13:03:04.888298-05:00
2140,Olímpico,1008,4,1009,2023-05-21T13:03:04.887992-05:00,2023-05-21T13:03:04.888298-05:00
2141,Cristóbal Colón,1009,3,1009,2023-05-21T13:03:04.887992-05:00,2023-05-21T13:03:04.888298-05:00
2142,La Selva,1010,3,1009,2023-05-21T13:03:04.887992-05:00,2023-05-21T13:03:04.888298-05:00
2143,Barrio Departamental,1011,4,1009,2023-05-21T13:03:04.887992-05:00,2023-05-21T13:03:04.888298-05:00
2144,Pasoancho,1012,4,1009,2023-05-21T13:03:04.887992-05:00,2023-05-21T13:03:04.888298-05:00
2145,Panamericano,1013,3,1009,2023-05-21T13:03:04.887992-05:00,2023-05-21T13:03:04.888298-05:00
2146,Colseguros Andes,1014,4,1009,2023-05-21T13:03:04.887992-05:00,2023-05-21T13:03:04.888298-05:00
2147,San Cristobal,1015,3,1009,2023-05-21T13:03:04.887992-05:00,2023-05-21T13:03:04.888298-05:00
2148,Las Granjas,1016,3,1009,2023-05-21T13:03:04.887992-05:00,2023-05-21T13:03:04.888298-05:00
2149,San Judas Tadeo I Etapa,1017,3,1009,2023-05-21T13:03:04.887992-05:00,2023-05-21T13:03:04.888298-05:00
2150,San Judas Tadeo II Etapa,1018,3,1009,2023-05-21T13:03:04.887992-05:00,2023-05-21T13:03:04.888298-05:00
2151,San Carlos,1101,3,1010,2023-05-21T13:03:04.887992-05:00,2023-05-21T13:03:04.888298-05:00
2152,Maracaibo,1102,3,1010,2023-05-21T13:03:04.887992-05:00,2023-05-21T13:03:04.888298-05:00
2153,La Independencia,1103,3,1010,2023-05-21T13:03:04.887992-05:00,2023-05-21T13:03:04.888298-05:00
2154,La Esperanza,1104,3,1010,2023-05-21T13:03:04.887992-05:00,2023-05-21T13:03:04.888298-05:00
2155,Urbanización Boyacá,1105,3,1010,2023-05-21T13:03:04.887992-05:00,2023-05-21T13:03:04.888298-05:00
2156,El Jardín,1106,3,1010,2023-05-21T13:03:04.887992-05:00,2023-05-21T13:03:04.888298-05:00
2157,La Fortaleza,1107,3,1010,2023-05-21T13:03:04.887992-05:00,2023-05-21T13:03:04.888298-05:00
2158,El Recuerdo,1108,3,1010,2023-05-21T13:03:04.887992-05:00,2023-05-21T13:03:04.888298-05:00
2159,Aguablanca,1109,3,1010,2023-05-21T13:03:04.887992-05:00,2023-05-21T13:03:04.888298-05:00
2160,El Prado,1110,3,1010,2023-05-21T13:03:04.887992-05:00,2023-05-21T13:03:04.888298-05:00
2161,20 de Julio,1111,3,1010,2023-05-21T13:03:04.887992-05:00,2023-05-21T13:03:04.888298-05:00
2162,Prados de Oriente,1112,3,1010,2023-05-21T13:03:04.887992-05:00,2023-05-21T13:03:04.888298-05:00
2163,Los Sauces,1113,3,1010,2023-05-21T13:03:04.887992-05:00,2023-05-21T13:03:04.888298-05:00
2164,Villa del Sur,1114,3,1010,2023-05-21T13:03:04.887992-05:00,2023-05-21T13:03:04.888298-05:00
2165,José Holguín Garcés,1115,3,1010,2023-05-21T13:03:04.887992-05:00,2023-05-21T13:03:04.888298-05:00
2166,León XIII,1116,2,1010,2023-05-21T13:03:04.887992-05:00,2023-05-21T13:03:04.888298-05:00
2167,José María Cordoba,1117,3,1010,2023-05-21T13:03:04.887992-05:00,2023-05-21T13:03:04.888298-05:00
2168,San Pedro Claver,1118,2,1010,2023-05-21T13:03:04.887992-05:00,2023-05-21T13:03:04.888298-05:00
2169,Los Conquistadores,1119,2,1010,2023-05-21T13:03:04.887992-05:00,2023-05-21T13:03:04.888298-05:00
2170,La Gran Colombia,1120,2,1010,2023-05-21T13:03:04.887992-05:00,2023-05-21T13:03:04.888298-05:00
2171,San Benito,1121,2,1010,2023-05-21T13:03:04.887992-05:00,2023-05-21T13:03:04.888298-05:00
2172,Primavera,1122,2,1010,2023-05-21T13:03:04.887992-05:00,2023-05-21T13:03:04.888298-05:00
2173,Villanueva,1201,2,1011,2023-05-21T13:03:04.887992-05:00,2023-05-21T13:03:04.888298-05:00
2174,Asturias,1202,2,1011,2023-05-21T13:03:04.887992-05:00,2023-05-21T13:03:04.888298-05:00
2175,Eduardo Santos,1203,2,1011,2023-05-21T13:03:04.887992-05:00,2023-05-21T13:03:04.888298-05:00
2176,Alfonso Barberena A.,1204,2,1011,2023-05-21T13:03:04.887992-05:00,2023-05-21T13:03:04.888298-05:00
2177,El Paraiso,1205,3,1011,2023-05-21T13:03:04.887992-05:00,2023-05-21T13:03:04.888298-05:00
2178,Fenalco Kennedy,1206,3,1011,2023-05-21T13:03:04.887992-05:00,2023-05-21T13:03:04.888298-05:00
2179,Nueva Floresta,1207,3,1011,2023-05-21T13:03:04.887992-05:00,2023-05-21T13:03:04.888298-05:00
2180,Julio Rincón,1208,2,1011,2023-05-21T13:03:04.887992-05:00,2023-05-21T13:03:04.888298-05:00
2181,Doce de Octubre,1209,3,1011,2023-05-21T13:03:04.887992-05:00,2023-05-21T13:03:04.888298-05:00
2182,El Rodeo,1210,2,1011,2023-05-21T13:03:04.887992-05:00,2023-05-21T13:03:04.888298-05:00
2183,Sindical,1211,3,1011,2023-05-21T13:03:04.887992-05:00,2023-05-21T13:03:04.888298-05:00
2184,Bello Horizonte,1212,3,1011,2023-05-21T13:03:04.887992-05:00,2023-05-21T13:03:04.888298-05:00
2185,Ulpiano Lloreda,1301,2,1012,2023-05-21T13:03:04.887992-05:00,2023-05-21T13:03:04.888298-05:00
2186,El Vergel,1302,1,1012,2023-05-21T13:03:04.887992-05:00,2023-05-21T13:03:04.888298-05:00
2187,El Poblado I,1303,2,1012,2023-05-21T13:03:04.887992-05:00,2023-05-21T13:03:04.888298-05:00
2188,El Poblado II,1304,2,1012,2023-05-21T13:03:04.887992-05:00,2023-05-21T13:03:04.888298-05:00
2189,Los Comuneros Segunda Etapa,1305,2,1012,2023-05-21T13:03:04.887992-05:00,2023-05-21T13:03:04.888298-05:00
2190,Ricardo Balcázar,1306,2,1012,2023-05-21T13:03:04.887992-05:00,2023-05-21T13:03:04.888298-05:00
2191,Omar Torrijos,1307,2,1012,2023-05-21T13:03:04.887992-05:00,2023-05-21T13:03:04.888298-05:00
2192,El Diamante,1308,2,1012,2023-05-21T13:03:04.887992-05:00,2023-05-21T13:03:04.888298-05:00
2193,Lleras Restrepo,1309,2,1012,2023-05-21T13:03:04.887992-05:00,2023-05-21T13:03:04.888298-05:00
2194,Villa del Lago,1310,3,1012,2023-05-21T13:03:04.887992-05:00,2023-05-21T13:03:04.888298-05:00
2195,Los Robles,1311,2,1012,2023-05-21T13:03:04.887992-05:00,2023-05-21T13:03:04.888298-05:00
2196,Rodrigo Lara Bonilla,1312,2,1012,2023-05-21T13:03:04.887992-05:00,2023-05-21T13:03:04.888298-05:00
2197,Charco Azul,1313,1,1012,2023-05-21T13:03:04.887992-05:00,2023-05-21T13:03:04.888298-05:00
2198,Villablanca,1314,2,1012,2023-05-21T13:03:04.887992-05:00,2023-05-21T13:03:04.888298-05:00
2199,Calipso,1315,3,1012,2023-05-21T13:03:04.887992-05:00,2023-05-21T13:03:04.888298-05:00
2200,Yira Castro,1390,2,1012,2023-05-21T13:03:04.887992-05:00,2023-05-21T13:03:04.888298-05:00
2201,Lleras Restrepo II Etapa,1393,1,1012,2023-05-21T13:03:04.887992-05:00,2023-05-21T13:03:04.888298-05:00
2202,Marroquín III,1394,2,1012,2023-05-21T13:03:04.887992-05:00,2023-05-21T13:03:04.888298-05:00
2203,Los Lagos,1395,2,1012,2023-05-21T13:03:04.887992-05:00,2023-05-21T13:03:04.888298-05:00
2204,Sector Laguna del Pondaje,1397,1,1012,2023-05-21T13:03:04.887992-05:00,2023-05-21T13:03:04.888298-05:00
2205,El Pondaje,1398,2,1012,2023-05-21T13:03:04.887992-05:00,2023-05-21T13:03:04.888298-05:00
2206,Sector Asprosocial-Diamante,1399,2,1012,2023-05-21T13:03:04.887992-05:00,2023-05-21T13:03:04.888298-05:00
2207,Alfonso Bonilla Aragón,1401,1,1013,2023-05-21T13:03:04.887992-05:00,2023-05-21T13:03:04.888298-05:00
2208,Alirio Mora Beltrán,1402,2,1013,2023-05-21T13:03:04.887992-05:00,2023-05-21T13:03:04.888298-05:00
2209,Manuela Beltrán,1403,1,1013,2023-05-21T13:03:04.887992-05:00,2023-05-21T13:03:04.888298-05:00
2210,Las Orquídeas,1404,1,1013,2023-05-21T13:03:04.887992-05:00,2023-05-21T13:03:04.888298-05:00
2211,José Manuel Marroquín Segunda Etapa,1405,2,1013,2023-05-21T13:03:04.887992-05:00,2023-05-21T13:03:04.888298-05:00
2212,José Manuel Marroquín Primera Etapa,1406,2,1013,2023-05-21T13:03:04.887992-05:00,2023-05-21T13:03:04.888298-05:00
2213,Puerta del Sol,1495,1,1013,2023-05-21T13:03:04.887992-05:00,2023-05-21T13:03:04.888298-05:00
2214,Los Naranjos I,1496,1,1013,2023-05-21T13:03:04.887992-05:00,2023-05-21T13:03:04.888298-05:00
2215,Promociones Populares B,1498,1,1013,2023-05-21T13:03:04.887992-05:00,2023-05-21T13:03:04.888298-05:00
2216,Los Naranjos II,1499,1,1013,2023-05-21T13:03:04.887992-05:00,2023-05-21T13:03:04.888298-05:00
2217,El Retiro,1501,1,1014,2023-05-21T13:03:04.887992-05:00,2023-05-21T13:03:04.888298-05:00
2218,Comuneros I,1502,2,1014,2023-05-21T13:03:04.887992-05:00,2023-05-21T13:03:04.888298-05:00
2219,Laureano Gómez,1503,1,1014,2023-05-21T13:03:04.887992-05:00,2023-05-21T13:03:04.888298-05:00
2220,El Vallado,1504,2,1014,2023-05-21T13:03:04.887992-05:00,2023-05-21T13:03:04.888298-05:00
2221,Ciudad Cordoba,1596,3,1014,2023-05-21T13:03:04.887992-05:00,2023-05-21T13:03:04.888298-05:00
2222,Mojica,1598,1,1014,2023-05-21T13:03:04.887992-05:00,2023-05-21T13:03:04.888298-05:00
2223,El Morichal,1599,2,1014,2023-05-21T13:03:04.887992-05:00,2023-05-21T13:03:04.888298-05:00
2224,Mariano Ramos,1601,2,1015,2023-05-21T13:03:04.887992-05:00,2023-05-21T13:03:04.888298-05:00
2225,República de Israel,1602,2,1015,2023-05-21T13:03:04.887992-05:00,2023-05-21T13:03:04.888298-05:00
2226,Unión de Vivienda Popular,1603,2,1015,2023-05-21T13:03:04.887992-05:00,2023-05-21T13:03:04.888298-05:00
2227,Antonio Nariño,1604,2,1015,2023-05-21T13:03:04.887992-05:00,2023-05-21T13:03:04.888298-05:00
2228,Brisas del Limonar,1605,2,1015,2023-05-21T13:03:04.887992-05:00,2023-05-21T13:03:04.888298-05:00
2229,Vendimia,1696,NR,1015,2023-05-21T13:03:04.887992-05:00,2023-05-21T13:03:04.888298-05:00
2230,Ciudad 2000,1697,4,1015,2023-05-21T13:03:04.887992-05:00,2023-05-21T13:03:04.888298-05:00
2231,La Alborada,1698,3,1015,2023-05-21T13:03:04.887992-05:00,2023-05-21T13:03:04.888298-05:00
2232,La Playa,1701,3,1016,2023-05-21T13:03:04.887992-05:00,2023-05-21T13:03:04.888298-05:00
2233,Primero de Mayo,1702,4,1016,2023-05-21T13:03:04.887992-05:00,2023-05-21T13:03:04.888298-05:00
2234,Ciudadela Comfandi,1703,3,1016,2023-05-21T13:03:04.887992-05:00,2023-05-21T13:03:04.888298-05:00
2235,Ciudad Universitaria,1705,NR,1016,2023-05-21T13:03:04.887992-05:00,2023-05-21T13:03:04.888298-05:00
2236,Caney,1774,4,1016,2023-05-21T13:03:04.887992-05:00,2023-05-21T13:03:04.888298-05:00
2237,Lili,1775,4,1016,2023-05-21T13:03:04.887992-05:00,2023-05-21T13:03:04.888298-05:00
2238,Santa Anita - La Selva,1778,5,1016,2023-05-21T13:03:04.887992-05:00,2023-05-21T13:03:04.888298-05:00
2239,El Ingenio,1780,5,1016,2023-05-21T13:03:04.887992-05:00,2023-05-21T13:03:04.888298-05:00
2240,Mayapan - Las Vegas,1781,5,1016,2023-05-21T13:03:04.887992-05:00,2023-05-21T13:03:04.888298-05:00
2241,Las Quintas de Don Simón,1782,5,1016,2023-05-21T13:03:04.887992-05:00,2023-05-21T13:03:04.888298-05:00
2242,Ciudad Capri,1783,5,1016,2023-05-21T13:03:04.887992-05:00,2023-05-21T13:03:04.888298-05:00
2243,La Hacienda,1784,5,1016,2023-05-21T13:03:04.887992-05:00,2023-05-21T13:03:04.888298-05:00
2244,Los Portales - Nuevo Rey,1785,5,1016,2023-05-21T13:03:04.887992-05:00,2023-05-21T13:03:04.888298-05:00
2245,Cañaverales - Los Samanes,1786,3,1016,2023-05-21T13:03:04.887992-05:00,2023-05-21T13:03:04.888298-05:00
2246,El Limonar,1787,3,1016,2023-05-21T13:03:04.887992-05:00,2023-05-21T13:03:04.888298-05:00
2247,Bosques del Limonar,1788,4,1016,2023-05-21T13:03:04.887992-05:00,2023-05-21T13:03:04.888298-05:00
2248,El Gran Limonar - Cataya,1789,5,1016,2023-05-21T13:03:04.887992-05:00,2023-05-21T13:03:04.888298-05:00
2249,El Gran Limonar,1790,5,1016,2023-05-21T13:03:04.887992-05:00,2023-05-21T13:03:04.888298-05:00
2250,Unicentro Cali,1791,5,1016,2023-05-21T13:03:04.887992-05:00,2023-05-21T13:03:04.888298-05:00
2251,Ciudadela Pasoancho,1793,5,1016,2023-05-21T13:03:04.887992-05:00,2023-05-21T13:03:04.888298-05:00
2252,Prados del Limonar,1794,5,1016,2023-05-21T13:03:04.887992-05:00,2023-05-21T13:03:04.888298-05:00
2253,Urbanización San Joaquin,1796,5,1016,2023-05-21T13:03:04.887992-05:00,2023-05-21T13:03:04.888298-05:00
2254,Buenos Aires,1801,3,1017,2023-05-21T13:03:04.887992-05:00,2023-05-21T13:03:04.888298-05:00
2255,Barrio Caldas,1802,3,1017,2023-05-21T13:03:04.887992-05:00,2023-05-21T13:03:04.888298-05:00
2256,Los Chorros,1803,3,1017,2023-05-21T13:03:04.887992-05:00,2023-05-21T13:03:04.888298-05:00
2257,Meléndez,1804,3,1017,2023-05-21T13:03:04.887992-05:00,2023-05-21T13:03:04.888298-05:00
2258,Los Farallones,1805,3,1017,2023-05-21T13:03:04.887992-05:00,2023-05-21T13:03:04.888298-05:00
2259,Francisco Eladio Ramirez,1807,3,1017,2023-05-21T13:03:04.887992-05:00,2023-05-21T13:03:04.888298-05:00
2260,Prados del Sur,1808,2,1017,2023-05-21T13:03:04.887992-05:00,2023-05-21T13:03:04.888298-05:00
2261,Horizontes,1809,3,1017,2023-05-21T13:03:04.887992-05:00,2023-05-21T13:03:04.888298-05:00
2262,Mario Correa Rengifo,1810,2,1017,2023-05-21T13:03:04.887992-05:00,2023-05-21T13:03:04.888298-05:00
2263,Lourdes,1811,2,1017,2023-05-21T13:03:04.887992-05:00,2023-05-21T13:03:04.888298-05:00
2264,Colinas del Sur,1812,3,1017,2023-05-21T13:03:04.887992-05:00,2023-05-21T13:03:04.888298-05:00
2265,Alférez Real,1813,3,1017,2023-05-21T13:03:04.887992-05:00,2023-05-21T13:03:04.888298-05:00
2266,Nápoles,1814,3,1017,2023-05-21T13:03:04.887992-05:00,2023-05-21T13:03:04.888298-05:00
2267,El Jordán,1815,2,1017,2023-05-21T13:03:04.887992-05:00,2023-05-21T13:03:04.888298-05:00
2268,Cuarteles Napoles,1816,NR,1017,2023-05-21T13:03:04.887992-05:00,2023-05-21T13:03:04.888298-05:00
2269,Sector Alto de Los Chorros,1890,1,1017,2023-05-21T13:03:04.887992-05:00,2023-05-21T13:03:04.888298-05:00
2270,Polvorines,1891,2,1017,2023-05-21T13:03:04.887992-05:00,2023-05-21T13:03:04.888298-05:00
2271,Sector Meléndez,1896,3,1017,2023-05-21T13:03:04.887992-05:00,2023-05-21T13:03:04.888298-05:00
2272,Sector Alto Jordán,1897,1,1017,2023-05-21T13:03:04.887992-05:00,2023-05-21T13:03:04.888298-05:00
2273,Alto Nápoles,1898,1,1017,2023-05-21T13:03:04.887992-05:00,2023-05-21T13:03:04.888298-05:00
2274,El Refugio,1901,4,1018,2023-05-21T13:03:04.887992-05:00,2023-05-21T13:03:04.888298-05:00
2275,La Cascada,1902,5,1018,2023-05-21T13:03:04.887992-05:00,2023-05-21T13:03:04.888298-05:00
2276,El Lido,1903,5,1018,2023-05-21T13:03:04.887992-05:00,2023-05-21T13:03:04.888298-05:00
2277,Urbanización Tequendama,1904,5,1018,2023-05-21T13:03:04.887992-05:00,2023-05-21T13:03:04.888298-05:00
2278,Barrio Eucarístico,1905,4,1018,2023-05-21T13:03:04.887992-05:00,2023-05-21T13:03:04.888298-05:00
2279,San Fernando Nuevo,1906,4,1018,2023-05-21T13:03:04.887992-05:00,2023-05-21T13:03:04.888298-05:00
2280,Urbanización Nueva Granada,1907,4,1018,2023-05-21T13:03:04.887992-05:00,2023-05-21T13:03:04.888298-05:00
2281,Santa Isabel,1908,4,1018,2023-05-21T13:03:04.887992-05:00,2023-05-21T13:03:04.888298-05:00
2282,Bellavista,1909,2,1018,2023-05-21T13:03:04.887992-05:00,2023-05-21T13:03:04.888298-05:00
2283,San Fernando Viejo,1910,5,1018,2023-05-21T13:03:04.887992-05:00,2023-05-21T13:03:04.888298-05:00
2284,Miraflores,1911,4,1018,2023-05-21T13:03:04.887992-05:00,2023-05-21T13:03:04.888298-05:00
2285,3 de Julio,1912,4,1018,2023-05-21T13:03:04.887992-05:00,2023-05-21T13:03:04.888298-05:00
2286,El Cedro,1913,4,1018,2023-05-21T13:03:04.887992-05:00,2023-05-21T13:03:04.888298-05:00
2287,Champagñat,1914,4,1018,2023-05-21T13:03:04.887992-05:00,2023-05-21T13:03:04.888298-05:00
2288,Urbanización Colseguros,1915,4,1018,2023-05-21T13:03:04.887992-05:00,2023-05-21T13:03:04.888298-05:00
2289,Los Cambulos,1916,4,1018,2023-05-21T13:03:04.887992-05:00,2023-05-21T13:03:04.888298-05:00
2290,El Mortiñal,1917,2,1018,2023-05-21T13:03:04.887992-05:00,2023-05-21T13:03:04.888298-05:00
2291,Urbanización Militar,1918,4,1018,2023-05-21T13:03:04.887992-05:00,2023-05-21T13:03:04.888298-05:00
2292,Cuarto de Legua - Guadalupe,1919,5,1018,2023-05-21T13:03:04.887992-05:00,2023-05-21T13:03:04.888298-05:00
2293,Nueva Tequendama,1921,5,1018,2023-05-21T13:03:04.887992-05:00,2023-05-21T13:03:04.888298-05:00
2294,Camino Real - Joaquín Borrero Sinisterra,1922,5,1018,2023-05-21T13:03:04.887992-05:00,2023-05-21T13:03:04.888298-05:00
2295,Camino Real - Los Fundadores,1923,5,1018,2023-05-21T13:03:04.887992-05:00,2023-05-21T13:03:04.888298-05:00
2296,Altos de Santa Isabel -  La Morelia,1981,6,1018,2023-05-21T13:03:04.887992-05:00,2023-05-21T13:03:04.888298-05:00
2297,Santa Barbara,1982,6,1018,2023-05-21T13:03:04.887992-05:00,2023-05-21T13:03:04.888298-05:00
2298,Tejares - Cristales,1983,6,1018,2023-05-21T13:03:04.887992-05:00,2023-05-21T13:03:04.888298-05:00
2299,Unidad Residencial Santiago de Cali,1984,4,1018,2023-05-21T13:03:04.887992-05:00,2023-05-21T13:03:04.888298-05:00
2300,Unidad Residencial El Coliseo,1985,4,1018,2023-05-21T13:03:04.887992-05:00,2023-05-21T13:03:04.888298-05:00
2301,Cañaveralejo - Seguros Patria,1988,5,1018,2023-05-21T13:03:04.887992-05:00,2023-05-21T13:03:04.888298-05:00
2302,Cañaveral,1992,6,1018,2023-05-21T13:03:04.887992-05:00,2023-05-21T13:03:04.888298-05:00
2303,Pampa Linda,1994,5,1018,2023-05-21T13:03:04.887992-05:00,2023-05-21T13:03:04.888298-05:00
2304,Sector Cañaveralejo Guadalupe,1995,5,1018,2023-05-21T13:03:04.887992-05:00,2023-05-21T13:03:04.888298-05:00
2305,U.D. Alberto Galindo -  Plaza de Toros,1999,NR,1018,2023-05-21T13:03:04.887992-05:00,2023-05-21T13:03:04.888298-05:00
2306,El Cortijo,2001,2,1019,2023-05-21T13:03:04.887992-05:00,2023-05-21T13:03:04.888298-05:00
2307,Belisario Caicedo,2002,3,1019,2023-05-21T13:03:04.887992-05:00,2023-05-21T13:03:04.888298-05:00
2308,Siloé,2003,1,1019,2023-05-21T13:03:04.887992-05:00,2023-05-21T13:03:04.888298-05:00
2309,Lleras Camargo,2004,1,1019,2023-05-21T13:03:04.887992-05:00,2023-05-21T13:03:04.888298-05:00
2310,Belén,2005,1,1019,2023-05-21T13:03:04.887992-05:00,2023-05-21T13:03:04.888298-05:00
2311,Brisas de Mayo,2006,1,1019,2023-05-21T13:03:04.887992-05:00,2023-05-21T13:03:04.888298-05:00
2312,Tierra Blanca,2007,1,1019,2023-05-21T13:03:04.887992-05:00,2023-05-21T13:03:04.888298-05:00
2313,Pueblo Joven,2008,1,1019,2023-05-21T13:03:04.887992-05:00,2023-05-21T13:03:04.888298-05:00
2314,Carabineros,2097,1,1019,2023-05-21T13:03:04.887992-05:00,2023-05-21T13:03:04.888298-05:00
2315,Venezuela - Urbanización Cañaveralejo,2098,1,1019,2023-05-21T13:03:04.887992-05:00,2023-05-21T13:03:04.888298-05:00
2316,La Sultana,2099,1,1019,2023-05-21T13:03:04.887992-05:00,2023-05-21T13:03:04.888298-05:00
2317,Pízamos I,2101,1,1020,2023-05-21T13:03:04.887992-05:00,2023-05-21T13:03:04.888298-05:00
2318,Pízamos II,2102,1,1020,2023-05-21T13:03:04.887992-05:00,2023-05-21T13:03:04.888298-05:00
2319,Calimio Desepaz,2103,1,1020,2023-05-21T13:03:04.887992-05:00,2023-05-21T13:03:04.888298-05:00
2320,El Remanso,2104,1,1020,2023-05-21T13:03:04.887992-05:00,2023-05-21T13:03:04.888298-05:00
2321,Los Líderes,2105,1,1020,2023-05-21T13:03:04.887992-05:00,2023-05-21T13:03:04.888298-05:00
2322,Desepaz Invicali,2106,1,1020,2023-05-21T13:03:04.887992-05:00,2023-05-21T13:03:04.888298-05:00
2323,Compartir,2107,1,1020,2023-05-21T13:03:04.887992-05:00,2023-05-21T13:03:04.888298-05:00
2324,Ciudad Talanga,2108,1,1020,2023-05-21T13:03:04.887992-05:00,2023-05-21T13:03:04.888298-05:00
2325,Villamercedes I - Villa Luz - Las Garzas,2194,1,1020,2023-05-21T13:03:04.887992-05:00,2023-05-21T13:03:04.888298-05:00
2326,Pízamos III - Las Dalias,2195,1,1020,2023-05-21T13:03:04.887992-05:00,2023-05-21T13:03:04.888298-05:00
2327,Potrero Grande,2196,1,1020,2023-05-21T13:03:04.887992-05:00,2023-05-21T13:03:04.888298-05:00
2328,Ciudadela del Río,2197,2,1020,2023-05-21T13:03:04.887992-05:00,2023-05-21T13:03:04.888298-05:00
2329,Valle Grande,2198,2,1020,2023-05-21T13:03:04.887992-05:00,2023-05-21T13:03:04.888298-05:00
2330,Planta de Tratamiento,2199,NR,1020,2023-05-21T13:03:04.887992-05:00,2023-05-21T13:03:04.888298-05:00
2331,Urbanización Ciudad Jardín,2201,6,1021,2023-05-21T13:03:04.887992-05:00,2023-05-21T13:03:04.888298-05:00
2332,Parcelaciones Pance,2296,6,1021,2023-05-21T13:03:04.887992-05:00,2023-05-21T13:03:04.888298-05:00
2333,Urbanización Río Lili,2297,6,1021,2023-05-21T13:03:04.887992-05:00,2023-05-21T13:03:04.888298-05:00
2334,Ciudad Campestre,2298,6,1021,2023-05-21T13:03:04.887992-05:00,2023-05-21T13:03:04.888298-05:00
2335,Club Campestre,2299,6,1021,2023-05-21T13:03:04.887992-05:00,2023-05-21T13:03:04.888298-05:00
