id,nombre,created,updated
1000,Comuna 1,2023-05-21T13:03:04.887992-05:00,2023-05-21T13:03:04.888298-05:00
1001,Comuna 2,2023-05-21T13:03:04.887992-05:00,2023-05-21T13:03:04.888298-05:00
1002,Comuna 3,2023-05-21T13:03:04.887992-05:00,2023-05-21T13:03:04.888298-05:00
1003,Comuna 4,2023-05-21T13:03:04.887992-05:00,2023-05-21T13:03:04.888298-05:00
1004,Comuna 5,2023-05-21T13:03:04.887992-05:00,2023-05-21T13:03:04.888298-05:00
1005,Comuna 6,2023-05-21T13:03:04.887992-05:00,2023-05-21T13:03:04.888298-05:00
1006,Comuna 7,2023-05-21T13:03:04.887992-05:00,2023-05-21T13:03:04.888298-05:00
1007,Comuna 8,2023-05-21T13:03:04.887992-05:00,2023-05-21T13:03:04.888298-05:00
1008,Comuna 9,2023-05-21T13:03:04.887992-05:00,2023-05-21T13:03:04.888298-05:00
1009,Comuna 10,2023-05-21T13:03:04.887992-05:00,2023-05-21T13:03:04.888298-05:00
1010,Comuna 11,2023-05-21T13:03:04.887992-05:00,2023-05-21T13:03:04.888298-05:00
1011,Comuna 12,2023-05-21T13:03:04.887992-05:00,2023-05-21T13:03:04.888298-05:00
1012,Comuna 13,2023-05-21T13:03:04.887992-05:00,2023-05-21T13:03:04.888298-05:00
1013,Comuna 14,2023-05-21T13:03:04.887992-05:00,2023-05-21T13:03:04.888298-05:00
1014,Comuna 15,2023-05-21T13:03:04.887992-05:00,2023-05-21T13:03:04.888298-05:00
1015,Comuna 16,2023-05-21T13:03:04.887992-05:00,2023-05-21T13:03:04.888298-05:00
1016,Comuna 17,2023-05-21T13:03:04.887992-05:00,2023-05-21T13:03:04.888298-05:00
1017,Comuna 18,2023-05-21T13:03:04.887992-05:00,2023-05-21T13:03:04.888298-05:00
1018,Comuna 19,2023-05-21T13:03:04.887992-05:00,2023-05-21T13:03:04.888298-05:00
1019,Comuna 20,2023-05-21T13:03:04.887992-05:00,2023-05-21T13:03:04.888298-05:00
1020,Comuna 21,2023-05-21T13:03:04.887992-05:00,2023-05-21T13:03:04.888298-05:00
1021,Comuna 22,2023-05-21T13:03:04.887992-05:00,2023-05-21T13:03:04.888298-05:00
2000,Terrón Colorado,2023-05-21T13:03:04.887992-05:00,2023-05-21T13:03:04.888298-05:00
2001,Vista Hermosa,2023-05-21T13:03:04.887992-05:00,2023-05-21T13:03:04.888298-05:00
2002,Sector Patio Bonito,2023-05-21T13:03:04.887992-05:00,2023-05-21T13:03:04.888298-05:00
2003,Aguacatal,2023-05-21T13:03:04.887992-05:00,2023-05-21T13:03:04.888298-05:00
2004,Santa Rita,2023-05-21T13:03:04.887992-05:00,2023-05-21T13:03:04.888298-05:00
2005,Santa Teresita,2023-05-21T13:03:04.887992-05:00,2023-05-21T13:03:04.888298-05:00
2006,Arboledas,2023-05-21T13:03:04.887992-05:00,2023-05-21T13:03:04.888298-05:00
2007,Normandía,2023-05-21T13:03:04.887992-05:00,2023-05-21T13:03:04.888298-05:00
2008,Juanambú,2023-05-21T13:03:04.887992-05:00,2023-05-21T13:03:04.888298-05:00
2009,Centenario,2023-05-21T13:03:04.887992-05:00,2023-05-21T13:03:04.888298-05:00
2010,Granada,2023-05-21T13:03:04.887992-05:00,2023-05-21T13:03:04.888298-05:00
2011,Versalles,2023-05-21T13:03:04.887992-05:00,2023-05-21T13:03:04.888298-05:00
2012,San Vicente,2023-05-21T13:03:04.887992-05:00,2023-05-21T13:03:04.888298-05:00
2013,Santa Mónica,2023-05-21T13:03:04.887992-05:00,2023-05-21T13:03:04.888298-05:00
2014,Prados del Norte,2023-05-21T13:03:04.887992-05:00,2023-05-21T13:03:04.888298-05:00
2015,La Flora,2023-05-21T13:03:04.887992-05:00,2023-05-21T13:03:04.888298-05:00
2016,La Campiña,2023-05-21T13:03:04.887992-05:00,2023-05-21T13:03:04.888298-05:00
2017,La Paz,2023-05-21T13:03:04.887992-05:00,2023-05-21T13:03:04.888298-05:00
2018,El Bosque,2023-05-21T13:03:04.887992-05:00,2023-05-21T13:03:04.888298-05:00
2019,Menga,2023-05-21T13:03:04.887992-05:00,2023-05-21T13:03:04.888298-05:00
2020,Ciudad Los Alamos,2023-05-21T13:03:04.887992-05:00,2023-05-21T13:03:04.888298-05:00
2021,Chipichape,2023-05-21T13:03:04.887992-05:00,2023-05-21T13:03:04.888298-05:00
2022,Brisas de los Alamos,2023-05-21T13:03:04.887992-05:00,2023-05-21T13:03:04.888298-05:00
2023,Urbanización La Merced,2023-05-21T13:03:04.887992-05:00,2023-05-21T13:03:04.888298-05:00
2024,Vipasa,2023-05-21T13:03:04.887992-05:00,2023-05-21T13:03:04.888298-05:00
2025,Urbanización La Flora,2023-05-21T13:03:04.887992-05:00,2023-05-21T13:03:04.888298-05:00
2026,Altos de Menga,2023-05-21T13:03:04.887992-05:00,2023-05-21T13:03:04.888298-05:00
2027,Sector Altos Normandía,2023-05-21T13:03:04.887992-05:00,2023-05-21T13:03:04.888298-05:00
2028,Senderos de la Flora,2023-05-21T13:03:04.887992-05:00,2023-05-21T13:03:04.888298-05:00
2029,El Nacional,2023-05-21T13:03:04.887992-05:00,2023-05-21T13:03:04.888298-05:00
2030,El Peñón,2023-05-21T13:03:04.887992-05:00,2023-05-21T13:03:04.888298-05:00
2031,San Antonio,2023-05-21T13:03:04.887992-05:00,2023-05-21T13:03:04.888298-05:00
2032,San Cayetano,2023-05-21T13:03:04.887992-05:00,2023-05-21T13:03:04.888298-05:00
2033,Los Libertadores,2023-05-21T13:03:04.887992-05:00,2023-05-21T13:03:04.888298-05:00
2034,San Juan Bosco,2023-05-21T13:03:04.887992-05:00,2023-05-21T13:03:04.888298-05:00
2035,Santa Rosa,2023-05-21T13:03:04.887992-05:00,2023-05-21T13:03:04.888298-05:00
2036,La Merced,2023-05-21T13:03:04.887992-05:00,2023-05-21T13:03:04.888298-05:00
2037,San Pascual,2023-05-21T13:03:04.887992-05:00,2023-05-21T13:03:04.888298-05:00
2038,El Calvario,2023-05-21T13:03:04.887992-05:00,2023-05-21T13:03:04.888298-05:00
2039,San Pedro,2023-05-21T13:03:04.887992-05:00,2023-05-21T13:03:04.888298-05:00
2040,San Nicolas,2023-05-21T13:03:04.887992-05:00,2023-05-21T13:03:04.888298-05:00
2041,El Hoyo,2023-05-21T13:03:04.887992-05:00,2023-05-21T13:03:04.888298-05:00
2042,El Piloto,2023-05-21T13:03:04.887992-05:00,2023-05-21T13:03:04.888298-05:00
2043,Navarro - La Chanca,2023-05-21T13:03:04.887992-05:00,2023-05-21T13:03:04.888298-05:00
2044,Jorge Isaacs,2023-05-21T13:03:04.887992-05:00,2023-05-21T13:03:04.888298-05:00
2045,Santander,2023-05-21T13:03:04.887992-05:00,2023-05-21T13:03:04.888298-05:00
2046,Porvenir,2023-05-21T13:03:04.887992-05:00,2023-05-21T13:03:04.888298-05:00
2047,Las Delicias,2023-05-21T13:03:04.887992-05:00,2023-05-21T13:03:04.888298-05:00
2048,Manzanares,2023-05-21T13:03:04.887992-05:00,2023-05-21T13:03:04.888298-05:00
2049,Salomia,2023-05-21T13:03:04.887992-05:00,2023-05-21T13:03:04.888298-05:00
2050,Fátima,2023-05-21T13:03:04.887992-05:00,2023-05-21T13:03:04.888298-05:00
2051,Sultana - Berlín - San Francisco,2023-05-21T13:03:04.887992-05:00,2023-05-21T13:03:04.888298-05:00
2052,Popular,2023-05-21T13:03:04.887992-05:00,2023-05-21T13:03:04.888298-05:00
2053,Ignacio Rengifo,2023-05-21T13:03:04.887992-05:00,2023-05-21T13:03:04.888298-05:00
2054,Guillermo Valencia,2023-05-21T13:03:04.887992-05:00,2023-05-21T13:03:04.888298-05:00
2055,La Isla,2023-05-21T13:03:04.887992-05:00,2023-05-21T13:03:04.888298-05:00
2056,Marco Fidel Suárez,2023-05-21T13:03:04.887992-05:00,2023-05-21T13:03:04.888298-05:00
2057,Evaristo García,2023-05-21T13:03:04.887992-05:00,2023-05-21T13:03:04.888298-05:00
2058,La Esmeralda,2023-05-21T13:03:04.887992-05:00,2023-05-21T13:03:04.888298-05:00
2059,Bolivariano,2023-05-21T13:03:04.887992-05:00,2023-05-21T13:03:04.888298-05:00
2060,Olaya Herrera,2023-05-21T13:03:04.887992-05:00,2023-05-21T13:03:04.888298-05:00
2061,Unidad Residencial Bueno Madrid,2023-05-21T13:03:04.887992-05:00,2023-05-21T13:03:04.888298-05:00
2062,Flora Industrial,2023-05-21T13:03:04.887992-05:00,2023-05-21T13:03:04.888298-05:00
2063,Calima,2023-05-21T13:03:04.887992-05:00,2023-05-21T13:03:04.888298-05:00
2064,Industria de Licores,2023-05-21T13:03:04.887992-05:00,2023-05-21T13:03:04.888298-05:00
2065,La Alianza,2023-05-21T13:03:04.887992-05:00,2023-05-21T13:03:04.888298-05:00
2066,El Sena,2023-05-21T13:03:04.887992-05:00,2023-05-21T13:03:04.888298-05:00
2067,Los Andes,2023-05-21T13:03:04.887992-05:00,2023-05-21T13:03:04.888298-05:00
2068,Los Guayacanes,2023-05-21T13:03:04.887992-05:00,2023-05-21T13:03:04.888298-05:00
2069,Chiminangos Segunda Etapa,2023-05-21T13:03:04.887992-05:00,2023-05-21T13:03:04.888298-05:00
2070,Chiminangos Primera Etapa,2023-05-21T13:03:04.887992-05:00,2023-05-21T13:03:04.888298-05:00
2071,Metropolitano del Norte,2023-05-21T13:03:04.887992-05:00,2023-05-21T13:03:04.888298-05:00
2072,Los Parques - Barranquilla,2023-05-21T13:03:04.887992-05:00,2023-05-21T13:03:04.888298-05:00
2073,Villa del Sol,2023-05-21T13:03:04.887992-05:00,2023-05-21T13:03:04.888298-05:00
2074,Paseo de Los Almendros,2023-05-21T13:03:04.887992-05:00,2023-05-21T13:03:04.888298-05:00
2075,Los Andes B - La Riviera,2023-05-21T13:03:04.887992-05:00,2023-05-21T13:03:04.888298-05:00
2076,Torres de Comfandi,2023-05-21T13:03:04.887992-05:00,2023-05-21T13:03:04.888298-05:00
2077,Villa del Prado - El Guabito,2023-05-21T13:03:04.887992-05:00,2023-05-21T13:03:04.888298-05:00
2078,San Luís,2023-05-21T13:03:04.887992-05:00,2023-05-21T13:03:04.888298-05:00
2079,Jorge Eliecer Gaitán,2023-05-21T13:03:04.887992-05:00,2023-05-21T13:03:04.888298-05:00
2080,Paso del Comercio,2023-05-21T13:03:04.887992-05:00,2023-05-21T13:03:04.888298-05:00
2081,Los Alcázares,2023-05-21T13:03:04.887992-05:00,2023-05-21T13:03:04.888298-05:00
2082,Petecuy Primera Etapa,2023-05-21T13:03:04.887992-05:00,2023-05-21T13:03:04.888298-05:00
2083,Petecuy Segunda Etapa,2023-05-21T13:03:04.887992-05:00,2023-05-21T13:03:04.888298-05:00
2084,La Rivera Primera Etapa,2023-05-21T13:03:04.887992-05:00,2023-05-21T13:03:04.888298-05:00
2085,Los Guaduales,2023-05-21T13:03:04.887992-05:00,2023-05-21T13:03:04.888298-05:00
2086,Petecuy Tercera Etapa,2023-05-21T13:03:04.887992-05:00,2023-05-21T13:03:04.888298-05:00
2087,Ciudadela Floralia,2023-05-21T13:03:04.887992-05:00,2023-05-21T13:03:04.888298-05:00
2088,Fonaviemcali,2023-05-21T13:03:04.887992-05:00,2023-05-21T13:03:04.888298-05:00
2089,San Luís II,2023-05-21T13:03:04.887992-05:00,2023-05-21T13:03:04.888298-05:00
2090,Urbanización Calimio,2023-05-21T13:03:04.887992-05:00,2023-05-21T13:03:04.888298-05:00
2091,Sector Puente del Comercio,2023-05-21T13:03:04.887992-05:00,2023-05-21T13:03:04.888298-05:00
2092,Alfonso López P. 1a. Etapa,2023-05-21T13:03:04.887992-05:00,2023-05-21T13:03:04.888298-05:00
2093,Alfonso López P. 2a. Etapa,2023-05-21T13:03:04.887992-05:00,2023-05-21T13:03:04.888298-05:00
2094,Alfonso López P. 3a. Etapa,2023-05-21T13:03:04.887992-05:00,2023-05-21T13:03:04.888298-05:00
2095,Puerto Nuevo,2023-05-21T13:03:04.887992-05:00,2023-05-21T13:03:04.888298-05:00
2096,Puerto Mallarino,2023-05-21T13:03:04.887992-05:00,2023-05-21T13:03:04.888298-05:00
2097,Urbanización El Angel del Hogar,2023-05-21T13:03:04.887992-05:00,2023-05-21T13:03:04.888298-05:00
2098,Siete de Agosto,2023-05-21T13:03:04.887992-05:00,2023-05-21T13:03:04.888298-05:00
2099,Los Pinos,2023-05-21T13:03:04.887992-05:00,2023-05-21T13:03:04.888298-05:00
2100,San Marino,2023-05-21T13:03:04.887992-05:00,2023-05-21T13:03:04.888298-05:00
2101,Las Ceibas,2023-05-21T13:03:04.887992-05:00,2023-05-21T13:03:04.888298-05:00
2102,Base Aérea,2023-05-21T13:03:04.887992-05:00,2023-05-21T13:03:04.888298-05:00
2103,Parque de la Caña,2023-05-21T13:03:04.887992-05:00,2023-05-21T13:03:04.888298-05:00
2104,Fepicol,2023-05-21T13:03:04.887992-05:00,2023-05-21T13:03:04.888298-05:00
2105,Primitivo Crespo,2023-05-21T13:03:04.887992-05:00,2023-05-21T13:03:04.888298-05:00
2106,Simón Bolívar,2023-05-21T13:03:04.887992-05:00,2023-05-21T13:03:04.888298-05:00
2107,Saavedra Galindo,2023-05-21T13:03:04.887992-05:00,2023-05-21T13:03:04.888298-05:00
2108,Uribe Uribe,2023-05-21T13:03:04.887992-05:00,2023-05-21T13:03:04.888298-05:00
2109,Santa Mónica Popular,2023-05-21T13:03:04.887992-05:00,2023-05-21T13:03:04.888298-05:00
2110,La Floresta,2023-05-21T13:03:04.887992-05:00,2023-05-21T13:03:04.888298-05:00
2111,Benjamín Herrera,2023-05-21T13:03:04.887992-05:00,2023-05-21T13:03:04.888298-05:00
2112,Municipal,2023-05-21T13:03:04.887992-05:00,2023-05-21T13:03:04.888298-05:00
2113,Industrial,2023-05-21T13:03:04.887992-05:00,2023-05-21T13:03:04.888298-05:00
2114,El Troncal,2023-05-21T13:03:04.887992-05:00,2023-05-21T13:03:04.888298-05:00
2115,Las Américas,2023-05-21T13:03:04.887992-05:00,2023-05-21T13:03:04.888298-05:00
2116,Atanasio Girardot,2023-05-21T13:03:04.887992-05:00,2023-05-21T13:03:04.888298-05:00
2117,Santa Fe,2023-05-21T13:03:04.887992-05:00,2023-05-21T13:03:04.888298-05:00
2118,Chapinero,2023-05-21T13:03:04.887992-05:00,2023-05-21T13:03:04.888298-05:00
2119,Villa Colombia,2023-05-21T13:03:04.887992-05:00,2023-05-21T13:03:04.888298-05:00
2120,EL Trébol,2023-05-21T13:03:04.887992-05:00,2023-05-21T13:03:04.888298-05:00
2121,La Base,2023-05-21T13:03:04.887992-05:00,2023-05-21T13:03:04.888298-05:00
2122,Urbanización La Nueva Base,2023-05-21T13:03:04.887992-05:00,2023-05-21T13:03:04.888298-05:00
2123,Alameda,2023-05-21T13:03:04.887992-05:00,2023-05-21T13:03:04.888298-05:00
2124,Bretaña,2023-05-21T13:03:04.887992-05:00,2023-05-21T13:03:04.888298-05:00
2125,Junín,2023-05-21T13:03:04.887992-05:00,2023-05-21T13:03:04.888298-05:00
2126,Guayaquil,2023-05-21T13:03:04.887992-05:00,2023-05-21T13:03:04.888298-05:00
2127,Aranjuez,2023-05-21T13:03:04.887992-05:00,2023-05-21T13:03:04.888298-05:00
2128,Manuel María Buenaventura,2023-05-21T13:03:04.887992-05:00,2023-05-21T13:03:04.888298-05:00
2129,Santa Mónica Belalcázar,2023-05-21T13:03:04.887992-05:00,2023-05-21T13:03:04.888298-05:00
2130,Belalcázar,2023-05-21T13:03:04.887992-05:00,2023-05-21T13:03:04.888298-05:00
2131,Sucre,2023-05-21T13:03:04.887992-05:00,2023-05-21T13:03:04.888298-05:00
2132,Barrio Obrero,2023-05-21T13:03:04.887992-05:00,2023-05-21T13:03:04.888298-05:00
2133,El Dorado,2023-05-21T13:03:04.887992-05:00,2023-05-21T13:03:04.888298-05:00
2134,El Guabal,2023-05-21T13:03:04.887992-05:00,2023-05-21T13:03:04.888298-05:00
2135,La Libertad,2023-05-21T13:03:04.887992-05:00,2023-05-21T13:03:04.888298-05:00
2136,Santa Elena,2023-05-21T13:03:04.887992-05:00,2023-05-21T13:03:04.888298-05:00
2137,Las Acacias,2023-05-21T13:03:04.887992-05:00,2023-05-21T13:03:04.888298-05:00
2138,Santo Domingo,2023-05-21T13:03:04.887992-05:00,2023-05-21T13:03:04.888298-05:00
2139,Jorge Zawadsky,2023-05-21T13:03:04.887992-05:00,2023-05-21T13:03:04.888298-05:00
2140,Olímpico,2023-05-21T13:03:04.887992-05:00,2023-05-21T13:03:04.888298-05:00
2141,Cristóbal Colón,2023-05-21T13:03:04.887992-05:00,2023-05-21T13:03:04.888298-05:00
2142,La Selva,2023-05-21T13:03:04.887992-05:00,2023-05-21T13:03:04.888298-05:00
2143,Barrio Departamental,2023-05-21T13:03:04.887992-05:00,2023-05-21T13:03:04.888298-05:00
2144,Pasoancho,2023-05-21T13:03:04.887992-05:00,2023-05-21T13:03:04.888298-05:00
2145,Panamericano,2023-05-21T13:03:04.887992-05:00,2023-05-21T13:03:04.888298-05:00
2146,Colseguros Andes,2023-05-21T13:03:04.887992-05:00,2023-05-21T13:03:04.888298-05:00
2147,San Cristobal,2023-05-21T13:03:04.887992-05:00,2023-05-21T13:03:04.888298-05:00
2148,Las Granjas,2023-05-21T13:03:04.887992-05:00,2023-05-21T13:03:04.888298-05:00
2149,San Judas Tadeo I Etapa,2023-05-21T13:03:04.887992-05:00,2023-05-21T13:03:04.888298-05:00
2150,San Judas Tadeo II Etapa,2023-05-21T13:03:04.887992-05:00,2023-05-21T13:03:04.888298-05:00
2151,San Carlos,2023-05-21T13:03:04.887992-05:00,2023-05-21T13:03:04.888298-05:00
2152,Maracaibo,2023-05-21T13:03:04.887992-05:00,2023-05-21T13:03:04.888298-05:00
2153,La Independencia,2023-05-21T13:03:04.887992-05:00,2023-05-21T13:03:04.888298-05:00
2154,La Esperanza,2023-05-21T13:03:04.887992-05:00,2023-05-21T13:03:04.888298-05:00
2155,Urbanización Boyacá,2023-05-21T13:03:04.887992-05:00,2023-05-21T13:03:04.888298-05:00
2156,El Jardín,2023-05-21T13:03:04.887992-05:00,2023-05-21T13:03:04.888298-05:00
2157,La Fortaleza,2023-05-21T13:03:04.887992-05:00,2023-05-21T13:03:04.888298-05:00
2158,El Recuerdo,2023-05-21T13:03:04.887992-05:00,2023-05-21T13:03:04.888298-05:00
2159,Aguablanca,2023-05-21T13:03:04.887992-05:00,2023-05-21T13:03:04.888298-05:00
2160,El Prado,2023-05-21T13:03:04.887992-05:00,2023-05-21T13:03:04.888298-05:00
2161,20 de Julio,2023-05-21T13:03:04.887992-05:00,2023-05-21T13:03:04.888298-05:00
2162,Prados de Oriente,2023-05-21T13:03:04.887992-05:00,2023-05-21T13:03:04.888298-05:00
2163,Los Sauces,2023-05-21T13:03:04.887992-05:00,2023-05-21T13:03:04.888298-05:00
2164,Villa del Sur,2023-05-21T13:03:04.887992-05:00,2023-05-21T13:03:04.888298-05:00
2165,José Holguín Garcés,2023-05-21T13:03:04.887992-05:00,2023-05-21T13:03:04.888298-05:00
2166,León XIII,2023-05-21T13:03:04.887992-05:00,2023-05-21T13:03:04.888298-05:00
2167,José María Cordoba,2023-05-21T13:03:04.887992-05:00,2023-05-21T13:03:04.888298-05:00
2168,San Pedro Claver,2023-05-21T13:03:04.887992-05:00,2023-05-21T13:03:04.888298-05:00
2169,Los Conquistadores,2023-05-21T13:03:04.887992-05:00,2023-05-21T13:03:04.888298-05:00
2170,La Gran Colombia,2023-05-21T13:03:04.887992-05:00,2023-05-21T13:03:04.888298-05:00
2171,San Benito,2023-05-21T13:03:04.887992-05:00,2023-05-21T13:03:04.888298-05:00
2172,Primavera,2023-05-21T13:03:04.887992-05:00,2023-05-21T13:03:04.888298-05:00
2173,Villanueva,2023-05-21T13:03:04.887992-05:00,2023-05-21T13:03:04.888298-05:00
2174,Asturias,2023-05-21T13:03:04.887992-05:00,2023-05-21T13:03:04.888298-05:00
2175,Eduardo Santos,2023-05-21T13:03:04.887992-05:00,2023-05-21T13:03:04.888298-05:00
2176,Alfonso Barberena A.,2023-05-21T13:03:04.887992-05:00,2023-05-21T13:03:04.888298-05:00
2177,El Paraiso,2023-05-21T13:03:04.887992-05:00,2023-05-21T13:03:04.888298-05:00
2178,Fenalco Kennedy,2023-05-21T13:03:04.887992-05:00,2023-05-21T13:03:04.888298-05:00
2179,Nueva Floresta,2023-05-21T13:03:04.887992-05:00,2023-05-21T13:03:04.888298-05:00
2180,Julio Rincón,2023-05-21T13:03:04.887992-05:00,2023-05-21T13:03:04.888298-05:00
2181,Doce de Octubre,2023-05-21T13:03:04.887992-05:00,2023-05-21T13:03:04.888298-05:00
2182,El Rodeo,2023-05-21T13:03:04.887992-05:00,2023-05-21T13:03:04.888298-05:00
2183,Sindical,2023-05-21T13:03:04.887992-05:00,2023-05-21T13:03:04.888298-05:00
2184,Bello Horizonte,2023-05-21T13:03:04.887992-05:00,2023-05-21T13:03:04.888298-05:00
2185,Ulpiano Lloreda,2023-05-21T13:03:04.887992-05:00,2023-05-21T13:03:04.888298-05:00
2186,El Vergel,2023-05-21T13:03:04.887992-05:00,2023-05-21T13:03:04.888298-05:00
2187,El Poblado I,2023-05-21T13:03:04.887992-05:00,2023-05-21T13:03:04.888298-05:00
2188,El Poblado II,2023-05-21T13:03:04.887992-05:00,2023-05-21T13:03:04.888298-05:00
2189,Los Comuneros Segunda Etapa,2023-05-21T13:03:04.887992-05:00,2023-05-21T13:03:04.888298-05:00
2190,Ricardo Balcázar,2023-05-21T13:03:04.887992-05:00,2023-05-21T13:03:04.888298-05:00
2191,Omar Torrijos,2023-05-21T13:03:04.887992-05:00,2023-05-21T13:03:04.888298-05:00
2192,El Diamante,2023-05-21T13:03:04.887992-05:00,2023-05-21T13:03:04.888298-05:00
2193,Lleras Restrepo,2023-05-21T13:03:04.887992-05:00,2023-05-21T13:03:04.888298-05:00
2194,Villa del Lago,2023-05-21T13:03:04.887992-05:00,2023-05-21T13:03:04.888298-05:00
2195,Los Robles,2023-05-21T13:03:04.887992-05:00,2023-05-21T13:03:04.888298-05:00
2196,Rodrigo Lara Bonilla,2023-05-21T13:03:04.887992-05:00,2023-05-21T13:03:04.888298-05:00
2197,Charco Azul,2023-05-21T13:03:04.887992-05:00,2023-05-21T13:03:04.888298-05:00
2198,Villablanca,2023-05-21T13:03:04.887992-05:00,2023-05-21T13:03:04.888298-05:00
2199,Calipso,2023-05-21T13:03:04.887992-05:00,2023-05-21T13:03:04.888298-05:00
2200,Yira Castro,2023-05-21T13:03:04.887992-05:00,2023-05-21T13:03:04.888298-05:00
2201,Lleras Restrepo II Etapa,2023-05-21T13:03:04.887992-05:00,2023-05-21T13:03:04.888298-05:00
2202,Marroquín III,2023-05-21T13:03:04.887992-05:00,2023-05-21T13:03:04.888298-05:00
2203,Los Lagos,2023-05-21T13:03:04.887992-05:00,2023-05-21T13:03:04.888298-05:00
2204,Sector Laguna del Pondaje,2023-05-21T13:03:04.887992-05:00,2023-05-21T13:03:04.888298-05:00
2205,El Pondaje,2023-05-21T13:03:04.887992-05:00,2023-05-21T13:03:04.888298-05:00
2206,Sector Asprosocial-Diamante,2023-05-21T13:03:04.887992-05:00,2023-05-21T13:03:04.888298-05:00
2207,Alfonso Bonilla Aragón,2023-05-21T13:03:04.887992-05:00,2023-05-21T13:03:04.888298-05:00
2208,Alirio Mora Beltrán,2023-05-21T13:03:04.887992-05:00,2023-05-21T13:03:04.888298-05:00
2209,Manuela Beltrán,2023-05-21T13:03:04.887992-05:00,2023-05-21T13:03:04.888298-05:00
2210,Las Orquídeas,2023-05-21T13:03:04.887992-05:00,2023-05-21T13:03:04.888298-05:00
2211,José Manuel Marroquín Segunda Etapa,2023-05-21T13:03:04.887992-05:00,2023-05-21T13:03:04.888298-05:00
2212,José Manuel Marroquín Primera Etapa,2023-05-21T13:03:04.887992-05:00,2023-05-21T13:03:04.888298-05:00
2213,Puerta del Sol,2023-05-21T13:03:04.887992-05:00,2023-05-21T13:03:04.888298-05:00
2214,Los Naranjos I,2023-05-21T13:03:04.887992-05:00,2023-05-21T13:03:04.888298-05:00
2215,Promociones Populares B,2023-05-21T13:03:04.887992-05:00,2023-05-21T13:03:04.888298-05:00
2216,Los Naranjos II,2023-05-21T13:03:04.887992-05:00,2023-05-21T13:03:04.888298-05:00
2217,El Retiro,2023-05-21T13:03:04.887992-05:00,2023-05-21T13:03:04.888298-05:00
2218,Comuneros I,2023-05-21T13:03:04.887992-05:00,2023-05-21T13:03:04.888298-05:00
2219,Laureano Gómez,2023-05-21T13:03:04.887992-05:00,2023-05-21T13:03:04.888298-05:00
2220,El Vallado,2023-05-21T13:03:04.887992-05:00,2023-05-21T13:03:04.888298-05:00
2221,Ciudad Cordoba,2023-05-21T13:03:04.887992-05:00,2023-05-21T13:03:04.888298-05:00
2222,Mojica,2023-05-21T13:03:04.887992-05:00,2023-05-21T13:03:04.888298-05:00
2223,El Morichal,2023-05-21T13:03:04.887992-05:00,2023-05-21T13:03:04.888298-05:00
2224,Mariano Ramos,2023-05-21T13:03:04.887992-05:00,2023-05-21T13:03:04.888298-05:00
2225,República de Israel,2023-05-21T13:03:04.887992-05:00,2023-05-21T13:03:04.888298-05:00
2226,Unión de Vivienda Popular,2023-05-21T13:03:04.887992-05:00,2023-05-21T13:03:04.888298-05:00
2227,Antonio Nariño,2023-05-21T13:03:04.887992-05:00,2023-05-21T13:03:04.888298-05:00
2228,Brisas del Limonar,2023-05-21T13:03:04.887992-05:00,2023-05-21T13:03:04.888298-05:00
2229,Vendimia,2023-05-21T13:03:04.887992-05:00,2023-05-21T13:03:04.888298-05:00
2230,Ciudad 2000,2023-05-21T13:03:04.887992-05:00,2023-05-21T13:03:04.888298-05:00
2231,La Alborada,2023-05-21T13:03:04.887992-05:00,2023-05-21T13:03:04.888298-05:00
2232,La Playa,2023-05-21T13:03:04.887992-05:00,2023-05-21T13:03:04.888298-05:00
2233,Primero de Mayo,2023-05-21T13:03:04.887992-05:00,2023-05-21T13:03:04.888298-05:00
2234,Ciudadela Comfandi,2023-05-21T13:03:04.887992-05:00,2023-05-21T13:03:04.888298-05:00
2235,Ciudad Universitaria,2023-05-21T13:03:04.887992-05:00,2023-05-21T13:03:04.888298-05:00
2236,Caney,2023-05-21T13:03:04.887992-05:00,2023-05-21T13:03:04.888298-05:00
2237,Lili,2023-05-21T13:03:04.887992-05:00,2023-05-21T13:03:04.888298-05:00
2238,Santa Anita - La Selva,2023-05-21T13:03:04.887992-05:00,2023-05-21T13:03:04.888298-05:00
2239,El Ingenio,2023-05-21T13:03:04.887992-05:00,2023-05-21T13:03:04.888298-05:00
2240,Mayapan - Las Vegas,2023-05-21T13:03:04.887992-05:00,2023-05-21T13:03:04.888298-05:00
2241,Las Quintas de Don Simón,2023-05-21T13:03:04.887992-05:00,2023-05-21T13:03:04.888298-05:00
2242,Ciudad Capri,2023-05-21T13:03:04.887992-05:00,2023-05-21T13:03:04.888298-05:00
2243,La Hacienda,2023-05-21T13:03:04.887992-05:00,2023-05-21T13:03:04.888298-05:00
2244,Los Portales - Nuevo Rey,2023-05-21T13:03:04.887992-05:00,2023-05-21T13:03:04.888298-05:00
2245,Cañaverales - Los Samanes,2023-05-21T13:03:04.887992-05:00,2023-05-21T13:03:04.888298-05:00
2246,El Limonar,2023-05-21T13:03:04.887992-05:00,2023-05-21T13:03:04.888298-05:00
2247,Bosques del Limonar,2023-05-21T13:03:04.887992-05:00,2023-05-21T13:03:04.888298-05:00
2248,El Gran Limonar - Cataya,2023-05-21T13:03:04.887992-05:00,2023-05-21T13:03:04.888298-05:00
2249,El Gran Limonar,2023-05-21T13:03:04.887992-05:00,2023-05-21T13:03:04.888298-05:00
2250,Unicentro Cali,2023-05-21T13:03:04.887992-05:00,2023-05-21T13:03:04.888298-05:00
2251,Ciudadela Pasoancho,2023-05-21T13:03:04.887992-05:00,2023-05-21T13:03:04.888298-05:00
2252,Prados del Limonar,2023-05-21T13:03:04.887992-05:00,2023-05-21T13:03:04.888298-05:00
2253,Urbanización San Joaquin,2023-05-21T13:03:04.887992-05:00,2023-05-21T13:03:04.888298-05:00
2254,Buenos Aires,2023-05-21T13:03:04.887992-05:00,2023-05-21T13:03:04.888298-05:00
2255,Barrio Caldas,2023-05-21T13:03:04.887992-05:00,2023-05-21T13:03:04.888298-05:00
2256,Los Chorros,2023-05-21T13:03:04.887992-05:00,2023-05-21T13:03:04.888298-05:00
2257,Meléndez,2023-05-21T13:03:04.887992-05:00,2023-05-21T13:03:04.888298-05:00
2258,Los Farallones,2023-05-21T13:03:04.887992-05:00,2023-05-21T13:03:04.888298-05:00
2259,Francisco Eladio Ramirez,2023-05-21T13:03:04.887992-05:00,2023-05-21T13:03:04.888298-05:00
2260,Prados del Sur,2023-05-21T13:03:04.887992-05:00,2023-05-21T13:03:04.888298-05:00
2261,Horizontes,2023-05-21T13:03:04.887992-05:00,2023-05-21T13:03:04.888298-05:00
2262,Mario Correa Rengifo,2023-05-21T13:03:04.887992-05:00,2023-05-21T13:03:04.888298-05:00
2263,Lourdes,2023-05-21T13:03:04.887992-05:00,2023-05-21T13:03:04.888298-05:00
2264,Colinas del Sur,2023-05-21T13:03:04.887992-05:00,2023-05-21T13:03:04.888298-05:00
2265,Alférez Real,2023-05-21T13:03:04.887992-05:00,2023-05-21T13:03:04.888298-05:00
2266,Nápoles,2023-05-21T13:03:04.887992-05:00,2023-05-21T13:03:04.888298-05:00
2267,El Jordán,2023-05-21T13:03:04.887992-05:00,2023-05-21T13:03:04.888298-05:00
2268,Cuarteles Napoles,2023-05-21T13:03:04.887992-05:00,2023-05-21T13:03:04.888298-05:00
2269,Sector Alto de Los Chorros,2023-05-21T13:03:04.887992-05:00,2023-05-21T13:03:04.888298-05:00
2270,Polvorines,2023-05-21T13:03:04.887992-05:00,2023-05-21T13:03:04.888298-05:00
2271,Sector Meléndez,2023-05-21T13:03:04.887992-05:00,2023-05-21T13:03:04.888298-05:00
2272,Sector Alto Jordán,2023-05-21T13:03:04.887992-05:00,2023-05-21T13:03:04.888298-05:00
2273,Alto Nápoles,2023-05-21T13:03:04.887992-05:00,2023-05-21T13:03:04.888298-05:00
2274,El Refugio,2023-05-21T13:03:04.887992-05:00,2023-05-21T13:03:04.888298-05:00
2275,La Cascada,2023-05-21T13:03:04.887992-05:00,2023-05-21T13:03:04.888298-05:00
2276,El Lido,2023-05-21T13:03:04.887992-05:00,2023-05-21T13:03:04.888298-05:00
2277,Urbanización Tequendama,2023-05-21T13:03:04.887992-05:00,2023-05-21T13:03:04.888298-05:00
2278,Barrio Eucarístico,2023-05-21T13:03:04.887992-05:00,2023-05-21T13:03:04.888298-05:00
2279,San Fernando Nuevo,2023-05-21T13:03:04.887992-05:00,2023-05-21T13:03:04.888298-05:00
2280,Urbanización Nueva Granada,2023-05-21T13:03:04.887992-05:00,2023-05-21T13:03:04.888298-05:00
2281,Santa Isabel,2023-05-21T13:03:04.887992-05:00,2023-05-21T13:03:04.888298-05:00
2282,Bellavista,2023-05-21T13:03:04.887992-05:00,2023-05-21T13:03:04.888298-05:00
2283,San Fernando Viejo,2023-05-21T13:03:04.887992-05:00,2023-05-21T13:03:04.888298-05:00
2284,Miraflores,2023-05-21T13:03:04.887992-05:00,2023-05-21T13:03:04.888298-05:00
2285,3 de Julio,2023-05-21T13:03:04.887992-05:00,2023-05-21T13:03:04.888298-05:00
2286,El Cedro,2023-05-21T13:03:04.887992-05:00,2023-05-21T13:03:04.888298-05:00
2287,Champagñat,2023-05-21T13:03:04.887992-05:00,2023-05-21T13:03:04.888298-05:00
2288,Urbanización Colseguros,2023-05-21T13:03:04.887992-05:00,2023-05-21T13:03:04.888298-05:00
2289,Los Cambulos,2023-05-21T13:03:04.887992-05:00,2023-05-21T13:03:04.888298-05:00
2290,El Mortiñal,2023-05-21T13:03:04.887992-05:00,2023-05-21T13:03:04.888298-05:00
2291,Urbanización Militar,2023-05-21T13:03:04.887992-05:00,2023-05-21T13:03:04.888298-05:00
2292,Cuarto de Legua - Guadalupe,2023-05-21T13:03:04.887992-05:00,2023-05-21T13:03:04.888298-05:00
2293,Nueva Tequendama,2023-05-21T13:03:04.887992-05:00,2023-05-21T13:03:04.888298-05:00
2294,Camino Real - Joaquín Borrero Sinisterra,2023-05-21T13:03:04.887992-05:00,2023-05-21T13:03:04.888298-05:00
2295,Camino Real - Los Fundadores,2023-05-21T13:03:04.887992-05:00,2023-05-21T13:03:04.888298-05:00
2296,Altos de Santa Isabel -  La Morelia,2023-05-21T13:03:04.887992-05:00,2023-05-21T13:03:04.888298-05:00
2297,Santa Barbara,2023-05-21T13:03:04.887992-05:00,2023-05-21T13:03:04.888298-05:00
2298,Tejares - Cristales,2023-05-21T13:03:04.887992-05:00,2023-05-21T13:03:04.888298-05:00
2299,Unidad Residencial Santiago de Cali,2023-05-21T13:03:04.887992-05:00,2023-05-21T13:03:04.888298-05:00
2300,Unidad Residencial El Coliseo,2023-05-21T13:03:04.887992-05:00,2023-05-21T13:03:04.888298-05:00
2301,Cañaveralejo - Seguros Patria,2023-05-21T13:03:04.887992-05:00,2023-05-21T13:03:04.888298-05:00
2302,Cañaveral,2023-05-21T13:03:04.887992-05:00,2023-05-21T13:03:04.888298-05:00
2303,Pampa Linda,2023-05-21T13:03:04.887992-05:00,2023-05-21T13:03:04.888298-05:00
2304,Sector Cañaveralejo Guadalupe,2023-05-21T13:03:04.887992-05:00,2023-05-21T13:03:04.888298-05:00
2305,U.D. Alberto Galindo -  Plaza de Toros,2023-05-21T13:03:04.887992-05:00,2023-05-21T13:03:04.888298-05:00
2306,El Cortijo,2023-05-21T13:03:04.887992-05:00,2023-05-21T13:03:04.888298-05:00
2307,Belisario Caicedo,2023-05-21T13:03:04.887992-05:00,2023-05-21T13:03:04.888298-05:00
2308,Siloé,2023-05-21T13:03:04.887992-05:00,2023-05-21T13:03:04.888298-05:00
2309,Lleras Camargo,2023-05-21T13:03:04.887992-05:00,2023-05-21T13:03:04.888298-05:00
2310,Belén,2023-05-21T13:03:04.887992-05:00,2023-05-21T13:03:04.888298-05:00
2311,Brisas de Mayo,2023-05-21T13:03:04.887992-05:00,2023-05-21T13:03:04.888298-05:00
2312,Tierra Blanca,2023-05-21T13:03:04.887992-05:00,2023-05-21T13:03:04.888298-05:00
2313,Pueblo Joven,2023-05-21T13:03:04.887992-05:00,2023-05-21T13:03:04.888298-05:00
2314,Carabineros,2023-05-21T13:03:04.887992-05:00,2023-05-21T13:03:04.888298-05:00
2315,Venezuela - Urbanización Cañaveralejo,2023-05-21T13:03:04.887992-05:00,2023-05-21T13:03:04.888298-05:00
2316,La Sultana,2023-05-21T13:03:04.887992-05:00,2023-05-21T13:03:04.888298-05:00
2317,Pízamos I,2023-05-21T13:03:04.887992-05:00,2023-05-21T13:03:04.888298-05:00
2318,Pízamos II,2023-05-21T13:03:04.887992-05:00,2023-05-21T13:03:04.888298-05:00
2319,Calimio Desepaz,2023-05-21T13:03:04.887992-05:00,2023-05-21T13:03:04.888298-05:00
2320,El Remanso,2023-05-21T13:03:04.887992-05:00,2023-05-21T13:03:04.888298-05:00
2321,Los Líderes,2023-05-21T13:03:04.887992-05:00,2023-05-21T13:03:04.888298-05:00
2322,Desepaz Invicali,2023-05-21T13:03:04.887992-05:00,2023-05-21T13:03:04.888298-05:00
2323,Compartir,2023-05-21T13:03:04.887992-05:00,2023-05-21T13:03:04.888298-05:00
2324,Ciudad Talanga,2023-05-21T13:03:04.887992-05:00,2023-05-21T13:03:04.888298-05:00
2325,Villamercedes I - Villa Luz - Las Garzas,2023-05-21T13:03:04.887992-05:00,2023-05-21T13:03:04.888298-05:00
2326,Pízamos III - Las Dalias,2023-05-21T13:03:04.887992-05:00,2023-05-21T13:03:04.888298-05:00
2327,Potrero Grande,2023-05-21T13:03:04.887992-05:00,2023-05-21T13:03:04.888298-05:00
2328,Ciudadela del Río,2023-05-21T13:03:04.887992-05:00,2023-05-21T13:03:04.888298-05:00
2329,Valle Grande,2023-05-21T13:03:04.887992-05:00,2023-05-21T13:03:04.888298-05:00
2330,Planta de Tratamiento,2023-05-21T13:03:04.887992-05:00,2023-05-21T13:03:04.888298-05:00
2331,Urbanización Ciudad Jardín,2023-05-21T13:03:04.887992-05:00,2023-05-21T13:03:04.888298-05:00
2332,Parcelaciones Pance,2023-05-21T13:03:04.887992-05:00,2023-05-21T13:03:04.888298-05:00
2333,Urbanización Río Lili,2023-05-21T13:03:04.887992-05:00,2023-05-21T13:03:04.888298-05:00
2334,Ciudad Campestre,2023-05-21T13:03:04.887992-05:00,2023-05-21T13:03:04.888298-05:00
2335,Club Campestre,2023-05-21T13:03:04.887992-05:00,2023-05-21T13:03:04.888298-05:00
3000,Navarro,2023-05-21T13:03:04.887992-05:00,2023-05-21T13:03:04.888298-05:00
3001,El Hormiguero,2023-05-21T13:03:04.887992-05:00,2023-05-21T13:03:04.888298-05:00
3002,Pance,2023-05-21T13:03:04.887992-05:00,2023-05-21T13:03:04.888298-05:00
3003,La Buitrera,2023-05-21T13:03:04.887992-05:00,2023-05-21T13:03:04.888298-05:00
3004,Villacarmelo,2023-05-21T13:03:04.887992-05:00,2023-05-21T13:03:04.888298-05:00
3005,Los Andes,2023-05-21T13:03:04.887992-05:00,2023-05-21T13:03:04.888298-05:00
3006,Pichinde,2023-05-21T13:03:04.887992-05:00,2023-05-21T13:03:04.888298-05:00
3007,La Leonera,2023-05-21T13:03:04.887992-05:00,2023-05-21T13:03:04.888298-05:00
3008,Felidia,2023-05-21T13:03:04.887992-05:00,2023-05-21T13:03:04.888298-05:00
3009,El Saladito,2023-05-21T13:03:04.887992-05:00,2023-05-21T13:03:04.888298-05:00
3010,La Elvira,2023-05-21T13:03:04.887992-05:00,2023-05-21T13:03:04.888298-05:00
3011,La Castilla,2023-05-21T13:03:04.887992-05:00,2023-05-21T13:03:04.888298-05:00
3012,La Paz,2023-05-21T13:03:04.887992-05:00,2023-05-21T13:03:04.888298-05:00
3013,Montebelllo,2023-05-21T13:03:04.887992-05:00,2023-05-21T13:03:04.888298-05:00
3014,Golondrinas,2023-05-21T13:03:04.887992-05:00,2023-05-21T13:03:04.888298-05:00
4000,Navarro (Cabecera),2023-05-21T13:03:04.887992-05:00,2023-05-21T13:03:04.888298-05:00
4001,El Estero,2023-05-21T13:03:04.887992-05:00,2023-05-21T13:03:04.888298-05:00
4002,Zona de reserva agrícola,2023-05-21T13:03:04.887992-05:00,2023-05-21T13:03:04.888298-05:00
4003,Jarillón Navarro,2023-05-21T13:03:04.887992-05:00,2023-05-21T13:03:04.888298-05:00
4004,El Hormiguero (Cabecera),2023-05-21T13:03:04.887992-05:00,2023-05-21T13:03:04.888298-05:00
4005,Morgan,2023-05-21T13:03:04.887992-05:00,2023-05-21T13:03:04.888298-05:00
4006,La Paila,2023-05-21T13:03:04.887992-05:00,2023-05-21T13:03:04.888298-05:00
4007,Cauca Viejo,2023-05-21T13:03:04.887992-05:00,2023-05-21T13:03:04.888298-05:00
4008,Cascajal,2023-05-21T13:03:04.887992-05:00,2023-05-21T13:03:04.888298-05:00
4009,Zona de reserva agrícola,2023-05-21T13:03:04.887992-05:00,2023-05-21T13:03:04.888298-05:00
4010,La Vorágine,2023-05-21T13:03:04.887992-05:00,2023-05-21T13:03:04.888298-05:00
4011,Pance (Cabecera),2023-05-21T13:03:04.887992-05:00,2023-05-21T13:03:04.888298-05:00
4012,San Francisco,2023-05-21T13:03:04.887992-05:00,2023-05-21T13:03:04.888298-05:00
4013,El Jardín,2023-05-21T13:03:04.887992-05:00,2023-05-21T13:03:04.888298-05:00
4014,Pico de Aguila,2023-05-21T13:03:04.887992-05:00,2023-05-21T13:03:04.888298-05:00
4015,El Banqueo,2023-05-21T13:03:04.887992-05:00,2023-05-21T13:03:04.888298-05:00
4016,El Peón,2023-05-21T13:03:04.887992-05:00,2023-05-21T13:03:04.888298-05:00
4017,La María,2023-05-21T13:03:04.887992-05:00,2023-05-21T13:03:04.888298-05:00
4018,Pance Suburbano (La Viga),2023-05-21T13:03:04.887992-05:00,2023-05-21T13:03:04.888298-05:00
4019,La Buitrera (Cabecera),2023-05-21T13:03:04.887992-05:00,2023-05-21T13:03:04.888298-05:00
4020,La Riverita,2023-05-21T13:03:04.887992-05:00,2023-05-21T13:03:04.888298-05:00
4021,El Rosario,2023-05-21T13:03:04.887992-05:00,2023-05-21T13:03:04.888298-05:00
4022,El Otoño,2023-05-21T13:03:04.887992-05:00,2023-05-21T13:03:04.888298-05:00
4023,Alto de Los Mangos,2023-05-21T13:03:04.887992-05:00,2023-05-21T13:03:04.888298-05:00
4024,La Luisa,2023-05-21T13:03:04.887992-05:00,2023-05-21T13:03:04.888298-05:00
4025,La Sirena,2023-05-21T13:03:04.887992-05:00,2023-05-21T13:03:04.888298-05:00
4026,Parque de La Bandera,2023-05-21T13:03:04.887992-05:00,2023-05-21T13:03:04.888298-05:00
4027,Cantaclaro,2023-05-21T13:03:04.887992-05:00,2023-05-21T13:03:04.888298-05:00
4028,Club Campestre,2023-05-21T13:03:04.887992-05:00,2023-05-21T13:03:04.888298-05:00
4029,Villacarmelo (Cabecera),2023-05-21T13:03:04.887992-05:00,2023-05-21T13:03:04.888298-05:00
4030,La Fonda,2023-05-21T13:03:04.887992-05:00,2023-05-21T13:03:04.888298-05:00
4031,Dos Quebradas,2023-05-21T13:03:04.887992-05:00,2023-05-21T13:03:04.888298-05:00
4032,La Candelaria,2023-05-21T13:03:04.887992-05:00,2023-05-21T13:03:04.888298-05:00
4033,El Carmen,2023-05-21T13:03:04.887992-05:00,2023-05-21T13:03:04.888298-05:00
4034,La Sirena,2023-05-21T13:03:04.887992-05:00,2023-05-21T13:03:04.888298-05:00
4035,Los Andes (Cabecera),2023-05-21T13:03:04.887992-05:00,2023-05-21T13:03:04.888298-05:00
4036,Los Cárpatos,2023-05-21T13:03:04.887992-05:00,2023-05-21T13:03:04.888298-05:00
4037,Quebrada Honda,2023-05-21T13:03:04.887992-05:00,2023-05-21T13:03:04.888298-05:00
4038,Pueblo Nuevo,2023-05-21T13:03:04.887992-05:00,2023-05-21T13:03:04.888298-05:00
4039,El Faro,2023-05-21T13:03:04.887992-05:00,2023-05-21T13:03:04.888298-05:00
4040,La Reforma - El Mango,2023-05-21T13:03:04.887992-05:00,2023-05-21T13:03:04.888298-05:00
4041,La Carolina - Los Andes Bajo,2023-05-21T13:03:04.887992-05:00,2023-05-21T13:03:04.888298-05:00
4042,El Cabuyal,2023-05-21T13:03:04.887992-05:00,2023-05-21T13:03:04.888298-05:00
4043,Atenas - Mameyal,2023-05-21T13:03:04.887992-05:00,2023-05-21T13:03:04.888298-05:00
4044,Mónaco,2023-05-21T13:03:04.887992-05:00,2023-05-21T13:03:04.888298-05:00
4045,Pichindé (Cabecera),2023-05-21T13:03:04.887992-05:00,2023-05-21T13:03:04.888298-05:00
4046,Peñas Blancas,2023-05-21T13:03:04.887992-05:00,2023-05-21T13:03:04.888298-05:00
4047,Loma de La Cajita,2023-05-21T13:03:04.887992-05:00,2023-05-21T13:03:04.888298-05:00
4048,La Leonera (Cabecera),2023-05-21T13:03:04.887992-05:00,2023-05-21T13:03:04.888298-05:00
4049,El Pato,2023-05-21T13:03:04.887992-05:00,2023-05-21T13:03:04.888298-05:00
4050,El Porvenir,2023-05-21T13:03:04.887992-05:00,2023-05-21T13:03:04.888298-05:00
4051,El Pajuil,2023-05-21T13:03:04.887992-05:00,2023-05-21T13:03:04.888298-05:00
4052,La Cajita,2023-05-21T13:03:04.887992-05:00,2023-05-21T13:03:04.888298-05:00
4053,Felidia (Cabecera),2023-05-21T13:03:04.887992-05:00,2023-05-21T13:03:04.888298-05:00
4054,La Esperanza,2023-05-21T13:03:04.887992-05:00,2023-05-21T13:03:04.888298-05:00
4055,Las Nieves,2023-05-21T13:03:04.887992-05:00,2023-05-21T13:03:04.888298-05:00
4056,El Diamante,2023-05-21T13:03:04.887992-05:00,2023-05-21T13:03:04.888298-05:00
4057,Santa Helena,2023-05-21T13:03:04.887992-05:00,2023-05-21T13:03:04.888298-05:00
4058,El Saladito (Cabecera),2023-05-21T13:03:04.887992-05:00,2023-05-21T13:03:04.888298-05:00
4059,San Antonio,2023-05-21T13:03:04.887992-05:00,2023-05-21T13:03:04.888298-05:00
4060,San Pablo,2023-05-21T13:03:04.887992-05:00,2023-05-21T13:03:04.888298-05:00
4061,San Miguel,2023-05-21T13:03:04.887992-05:00,2023-05-21T13:03:04.888298-05:00
4062,Montañuelas,2023-05-21T13:03:04.887992-05:00,2023-05-21T13:03:04.888298-05:00
4063,El Palomar,2023-05-21T13:03:04.887992-05:00,2023-05-21T13:03:04.888298-05:00
4064,El Cerezo,2023-05-21T13:03:04.887992-05:00,2023-05-21T13:03:04.888298-05:00
4065,Las Nieves,2023-05-21T13:03:04.887992-05:00,2023-05-21T13:03:04.888298-05:00
4066,La Elvira (Cabecera),2023-05-21T13:03:04.887992-05:00,2023-05-21T13:03:04.888298-05:00
4067,Los Laureles,2023-05-21T13:03:04.887992-05:00,2023-05-21T13:03:04.888298-05:00
4068,Alto Aguacatal,2023-05-21T13:03:04.887992-05:00,2023-05-21T13:03:04.888298-05:00
4069,La Castilla (Cabecera),2023-05-21T13:03:04.887992-05:00,2023-05-21T13:03:04.888298-05:00
4070,Las Palmas,2023-05-21T13:03:04.887992-05:00,2023-05-21T13:03:04.888298-05:00
4071,Los Limones,2023-05-21T13:03:04.887992-05:00,2023-05-21T13:03:04.888298-05:00
4072,Las Brisas,2023-05-21T13:03:04.887992-05:00,2023-05-21T13:03:04.888298-05:00
4073,El Futuro,2023-05-21T13:03:04.887992-05:00,2023-05-21T13:03:04.888298-05:00
4074,El Pinar,2023-05-21T13:03:04.887992-05:00,2023-05-21T13:03:04.888298-05:00
4075,Galeras,2023-05-21T13:03:04.887992-05:00,2023-05-21T13:03:04.888298-05:00
4076,La Paz (Cabecera),2023-05-21T13:03:04.887992-05:00,2023-05-21T13:03:04.888298-05:00
4077,Villa del Rosario,2023-05-21T13:03:04.887992-05:00,2023-05-21T13:03:04.888298-05:00
4078,Lomitas,2023-05-21T13:03:04.887992-05:00,2023-05-21T13:03:04.888298-05:00
4079,Montebello (Cabecera),2023-05-21T13:03:04.887992-05:00,2023-05-21T13:03:04.888298-05:00
4080,Campoalegre,2023-05-21T13:03:04.887992-05:00,2023-05-21T13:03:04.888298-05:00
4081,Aguacatal,2023-05-21T13:03:04.887992-05:00,2023-05-21T13:03:04.888298-05:00
4082,Golondrinas (Cabecera),2023-05-21T13:03:04.887992-05:00,2023-05-21T13:03:04.888298-05:00
4083,La María,2023-05-21T13:03:04.887992-05:00,2023-05-21T13:03:04.888298-05:00
4084,Sector Tres Cruces,2023-05-21T13:03:04.887992-05:00,2023-05-21T13:03:04.888298-05:00
5000,Las Vegas,2023-05-21T13:03:04.887992-05:00,2023-05-21T13:03:04.888298-05:00
5001,Las Vegas del Lili,2023-05-21T13:03:04.887992-05:00,2023-05-21T13:03:04.888298-05:00
5002,Ciudad Melendez,2023-05-21T13:03:04.887992-05:00,2023-05-21T13:03:04.888298-05:00
5003,Ciudad Melendez 2,2023-05-21T13:03:04.887992-05:00,2023-05-21T13:03:04.888298-05:00
5004,El Guayabal,2023-05-21T13:03:04.887992-05:00,2023-05-21T13:03:04.888298-05:00
5005,PP2,2023-05-21T13:03:04.887992-05:00,2023-05-21T13:03:04.888298-05:00
5006,El Verdal - Gonchelandia,2023-05-21T13:03:04.887992-05:00,2023-05-21T13:03:04.888298-05:00
5007,Bochalema,2023-05-21T13:03:04.887992-05:00,2023-05-21T13:03:04.888298-05:00
5008,PP1,2023-05-21T13:03:04.887992-05:00,2023-05-21T13:03:04.888298-05:00
5009,Andalucía (PP3),2023-05-21T13:03:04.887992-05:00,2023-05-21T13:03:04.888298-05:00
5010,Cachipay,2023-05-21T13:03:04.887992-05:00,2023-05-21T13:03:04.888298-05:00
5011,Lituania - Dalandia,2023-05-21T13:03:04.887992-05:00,2023-05-21T13:03:04.888298-05:00
5012,Piedrachiquita,2023-05-21T13:03:04.887992-05:00,2023-05-21T13:03:04.888298-05:00
5013,El Capricho,2023-05-21T13:03:04.887992-05:00,2023-05-21T13:03:04.888298-05:00
5014,El Marañon,2023-05-21T13:03:04.887992-05:00,2023-05-21T13:03:04.888298-05:00
5015,PP4,2023-05-21T13:03:04.887992-05:00,2023-05-21T13:03:04.888298-05:00
5016,PP5,2023-05-21T13:03:04.887992-05:00,2023-05-21T13:03:04.888298-05:00
5017,Marañon Bajo,2023-05-21T13:03:04.887992-05:00,2023-05-21T13:03:04.888298-05:00
5018,Zonaméríca,2023-05-21T13:03:04.887992-05:00,2023-05-21T13:03:04.888298-05:00
5019,El Carmen - San Bartolo - PP11,2023-05-21T13:03:04.887992-05:00,2023-05-21T13:03:04.888298-05:00
5020,PP9,2023-05-21T13:03:04.887992-05:00,2023-05-21T13:03:04.888298-05:00
5021,PP10,2023-05-21T13:03:04.887992-05:00,2023-05-21T13:03:04.888298-05:00
5022,PP8,2023-05-21T13:03:04.887992-05:00,2023-05-21T13:03:04.888298-05:00
5023,PP6,2023-05-21T13:03:04.887992-05:00,2023-05-21T13:03:04.888298-05:00
6000,Jarillon Río Cauca I,2023-05-21T13:03:04.887992-05:00,2023-05-21T13:03:04.888298-05:00
6001,Jarillon Río Cauca II,2023-05-21T13:03:04.887992-05:00,2023-05-21T13:03:04.888298-05:00
6002,Jarillon Río Cauca III,2023-05-21T13:03:04.887992-05:00,2023-05-21T13:03:04.888298-05:00
