BEGIN TRANSACTION;
CREATE TABLE IF NOT EXISTS "comuna" (
	"id"	INTEGER NOT NULL UNIQUE,
	"nombre"	TEXT NOT NULL,
	"codigo"	TEXT NOT NULL,
	"created"	TEXT NOT NULL,
	"updated"	TEXT NOT NULL,
	PRIMARY KEY("id" AUTOINCREMENT)
);
CREATE TABLE IF NOT EXISTS "barrio" (
	"id"	INTEGER NOT NULL UNIQUE,
	"nombre"	TEXT NOT NULL,
	"codigo"	TEXT NOT NULL,
	"estrato"	TEXT NOT NULL,
	"id_comuna"	INTEGER NOT NULL,
	"created"	TEXT NOT NULL,
	"updated"	TEXT NOT NULL,
	FOREIGN KEY("id_comuna") REFERENCES "comuna"("id"),
	PRIMARY KEY("id" AUTOINCREMENT)
);
CREATE TABLE IF NOT EXISTS "vereda" (
	"id"	INTEGER NOT NULL UNIQUE,
	"nombre"	TEXT NOT NULL,
	"codigo"	TEXT NOT NULL,
	"created"	TEXT NOT NULL,
	"updated"	TEXT NOT NULL,
	PRIMARY KEY("id" AUTOINCREMENT)
);
CREATE TABLE IF NOT EXISTS "sector" (
	"id"	INTEGER NOT NULL UNIQUE,
	"nombre"	TEXT NOT NULL,
	"codigo"	TEXT NOT NULL,
	"id_vereda"	INTEGER NOT NULL,
	"created"	TEXT NOT NULL,
	"updated"	TEXT NOT NULL,
	PRIMARY KEY("id" AUTOINCREMENT),
	FOREIGN KEY("id_vereda") REFERENCES "vereda"("id")
);
CREATE TABLE IF NOT EXISTS "areaexp" (
	"id"	INTEGER NOT NULL UNIQUE,
	"nombre"	TEXT NOT NULL,
	"codigo"	TEXT NOT NULL,
	"created"	TEXT NOT NULL,
	"updated"	TEXT NOT NULL,
	PRIMARY KEY("id" AUTOINCREMENT)
);
CREATE TABLE IF NOT EXISTS "areapro" (
	"id"	INTEGER NOT NULL UNIQUE,
	"nombre"	TEXT NOT NULL,
	"codigo"	TEXT NOT NULL,
	"created"	TEXT NOT NULL,
	"updated"	TEXT NOT NULL,
	PRIMARY KEY("id" AUTOINCREMENT)
);
CREATE TABLE IF NOT EXISTS "tangara" (
	"id"	INTEGER NOT NULL UNIQUE,
	"mac"	TEXT NOT NULL,
	"geohash"	TEXT NOT NULL,
	"codigo"	TEXT NOT NULL,
	"latitud"	TEXT NOT NULL,
	"longitud"	TEXT NOT NULL,
	"id_barrio"	INTEGER,
	"id_sector"	INTEGER,
	"id_areaexp"	INTEGER,
	"id_areapro"	INTEGER,
	"online"	INTEGER NOT NULL,
	"created"	TEXT NOT NULL,
	"updated"	TEXT NOT NULL,
	PRIMARY KEY("id" AUTOINCREMENT),
	FOREIGN KEY("id_sector") REFERENCES "sector"("id"),
	FOREIGN KEY("id_areaexp") REFERENCES "areaexp"("id"),
	FOREIGN KEY("id_areapro") REFERENCES "areapro"("id"),
	FOREIGN KEY("id_barrio") REFERENCES "barrio"("id")
);
INSERT INTO "comuna" ("id","nombre","codigo","created","updated") VALUES (1,'Comuna 1','C1','2023-04-27T20:02:34-07:00','2023-04-27T20:02:34-07:00'),
 (2,'Comuna 2','C2','2023-04-27T20:02:34-07:00','2023-04-27T20:02:34-07:00'),
 (3,'Comuna 3','C3','2023-04-27T20:02:34-07:00','2023-04-27T20:02:34-07:00'),
 (4,'Comuna 4','C4','2023-04-27T20:02:34-07:00','2023-04-27T20:02:34-07:00'),
 (5,'Comuna 5','C5','2023-04-27T20:02:34-07:00','2023-04-27T20:02:34-07:00'),
 (6,'Comuna 6','C6','2023-04-27T20:02:34-07:00','2023-04-27T20:02:34-07:00'),
 (7,'Comuna 7','C7','2023-04-27T20:02:34-07:00','2023-04-27T20:02:34-07:00'),
 (8,'Comuna 8','C8','2023-04-27T20:02:34-07:00','2023-04-27T20:02:34-07:00'),
 (9,'Comuna 9','C9','2023-04-27T20:02:34-07:00','2023-04-27T20:02:34-07:00'),
 (10,'Comuna 10','C10','2023-04-27T20:02:34-07:00','2023-04-27T20:02:34-07:00'),
 (11,'Comuna 11','C11','2023-04-27T20:02:34-07:00','2023-04-27T20:02:34-07:00'),
 (12,'Comuna 12','C12','2023-04-27T20:02:34-07:00','2023-04-27T20:02:34-07:00'),
 (13,'Comuna 13','C13','2023-04-27T20:02:34-07:00','2023-04-27T20:02:34-07:00'),
 (14,'Comuna 14','C14','2023-04-27T20:02:34-07:00','2023-04-27T20:02:34-07:00'),
 (15,'Comuna 15','C15','2023-04-27T20:02:34-07:00','2023-04-27T20:02:34-07:00'),
 (16,'Comuna 16','C16','2023-04-27T20:02:34-07:00','2023-04-27T20:02:34-07:00'),
 (17,'Comuna 17','C17','2023-04-27T20:02:34-07:00','2023-04-27T20:02:34-07:00'),
 (18,'Comuna 18','C18','2023-04-27T20:02:34-07:00','2023-04-27T20:02:34-07:00'),
 (19,'Comuna 19','C19','2023-04-27T20:02:34-07:00','2023-04-27T20:02:34-07:00'),
 (20,'Comuna 20','C20','2023-04-27T20:02:34-07:00','2023-04-27T20:02:34-07:00'),
 (21,'Comuna 21','C21','2023-04-27T20:02:34-07:00','2023-04-27T20:02:34-07:00'),
 (22,'Comuna 22','C22','2023-04-27T20:02:34-07:00','2023-04-27T20:02:34-07:00');
INSERT INTO "barrio" ("id","nombre","codigo","estrato","id_comuna","created","updated") VALUES (1,'Terrón Colorado','0101','2',1,'2023-04-27T20:02:34-07:00','2023-04-27T20:02:34-07:00'),
 (2,'Vista Hermosa','0102','1',1,'2023-04-27T20:02:34-07:00','2023-04-27T20:02:34-07:00'),
 (3,'Sector Patio Bonito','0196','1',1,'2023-04-27T20:02:34-07:00','2023-04-27T20:02:34-07:00'),
 (4,'Aguacatal','0199','1',1,'2023-04-27T20:02:34-07:00','2023-04-27T20:02:34-07:00'),
 (5,'Santa Rita','0201','6',2,'2023-04-27T20:02:34-07:00','2023-04-27T20:02:34-07:00'),
 (6,'Santa Teresita','0202','6',2,'2023-04-27T20:02:34-07:00','2023-04-27T20:02:34-07:00'),
 (7,'Arboledas','0203','6',2,'2023-04-27T20:02:34-07:00','2023-04-27T20:02:34-07:00'),
 (8,'Normandía','0204','6',2,'2023-04-27T20:02:34-07:00','2023-04-27T20:02:34-07:00'),
 (9,'Juanambú','0205','5',2,'2023-04-27T20:02:34-07:00','2023-04-27T20:02:34-07:00'),
 (10,'Centenario','0206','5',2,'2023-04-27T20:02:34-07:00','2023-04-27T20:02:34-07:00'),
 (11,'Granada','0207','4',2,'2023-04-27T20:02:34-07:00','2023-04-27T20:02:34-07:00'),
 (12,'Versalles','0208','5',2,'2023-04-27T20:02:34-07:00','2023-04-27T20:02:34-07:00'),
 (13,'San Vicente','0209','4',2,'2023-04-27T20:02:34-07:00','2023-04-27T20:02:34-07:00'),
 (14,'Santa Mónica','0210','5',2,'2023-04-27T20:02:34-07:00','2023-04-27T20:02:34-07:00'),
 (15,'Prados del Norte','0211','5',2,'2023-04-27T20:02:34-07:00','2023-04-27T20:02:34-07:00'),
 (16,'La Flora','0212','5',2,'2023-04-27T20:02:34-07:00','2023-04-27T20:02:34-07:00'),
 (17,'La Campiña','0213','4',2,'2023-04-27T20:02:34-07:00','2023-04-27T20:02:34-07:00'),
 (18,'La Paz','0214','3',2,'2023-04-27T20:02:34-07:00','2023-04-27T20:02:34-07:00'),
 (19,'El Bosque','0215','5',2,'2023-04-27T20:02:34-07:00','2023-04-27T20:02:34-07:00'),
 (20,'Menga','0216','6',2,'2023-04-27T20:02:34-07:00','2023-04-27T20:02:34-07:00'),
 (21,'Ciudad Los Alamos','0217','4',2,'2023-04-27T20:02:34-07:00','2023-04-27T20:02:34-07:00'),
 (22,'Chipichape','0218','4',2,'2023-04-27T20:02:34-07:00','2023-04-27T20:02:34-07:00'),
 (23,'Brisas de los Alamos','0219','3',2,'2023-04-27T20:02:34-07:00','2023-04-27T20:02:34-07:00'),
 (24,'Urbanización La Merced','0293','4',2,'2023-04-27T20:02:34-07:00','2023-04-27T20:02:34-07:00'),
 (25,'Vipasa','0294','4',2,'2023-04-27T20:02:34-07:00','2023-04-27T20:02:34-07:00'),
 (26,'Urbanización La Flora','0295','5',2,'2023-04-27T20:02:34-07:00','2023-04-27T20:02:34-07:00'),
 (27,'Altos de Menga','0296','1',2,'2023-04-27T20:02:34-07:00','2023-04-27T20:02:34-07:00'),
 (28,'Sector Altos Normandía','0297','1',2,'2023-04-27T20:02:34-07:00','2023-04-27T20:02:34-07:00'),
 (29,'Senderos de la Flora','0298','5',2,'2023-04-27T20:02:34-07:00','2023-04-27T20:02:34-07:00'),
 (30,'El Nacional','0301','3',3,'2023-04-27T20:02:34-07:00','2023-04-27T20:02:34-07:00'),
 (31,'El Peñón','0302','5',3,'2023-04-27T20:02:34-07:00','2023-04-27T20:02:34-07:00'),
 (32,'San Antonio','0303','3',3,'2023-04-27T20:02:34-07:00','2023-04-27T20:02:34-07:00'),
 (33,'San Cayetano','0304','3',3,'2023-04-27T20:02:34-07:00','2023-04-27T20:02:34-07:00'),
 (34,'Los Libertadores','0305','3',3,'2023-04-27T20:02:34-07:00','2023-04-27T20:02:34-07:00'),
 (35,'San Juan Bosco','0306','3',3,'2023-04-27T20:02:34-07:00','2023-04-27T20:02:34-07:00'),
 (36,'Santa Rosa','0307','3',3,'2023-04-27T20:02:34-07:00','2023-04-27T20:02:34-07:00'),
 (37,'La Merced','0308','3',3,'2023-04-27T20:02:34-07:00','2023-04-27T20:02:34-07:00'),
 (38,'San Pascual','0309','1',3,'2023-04-27T20:02:34-07:00','2023-04-27T20:02:34-07:00'),
 (39,'El Calvario','0310','3',3,'2023-04-27T20:02:34-07:00','2023-04-27T20:02:34-07:00'),
 (40,'San Pedro','0311','3',3,'2023-04-27T20:02:34-07:00','2023-04-27T20:02:34-07:00'),
 (41,'San Nicolas','0312','2',3,'2023-04-27T20:02:34-07:00','2023-04-27T20:02:34-07:00'),
 (42,'El Hoyo','0313','3',3,'2023-04-27T20:02:34-07:00','2023-04-27T20:02:34-07:00'),
 (43,'El Piloto','0314','2',3,'2023-04-27T20:02:34-07:00','2023-04-27T20:02:34-07:00'),
 (44,'Navarro - La Chanca','0315','3',3,'2023-04-27T20:02:34-07:00','2023-04-27T20:02:34-07:00'),
 (45,'Jorge Isaacs','0401','2',4,'2023-04-27T20:02:34-07:00','2023-04-27T20:02:34-07:00'),
 (46,'Santander','0402','2',4,'2023-04-27T20:02:34-07:00','2023-04-27T20:02:34-07:00'),
 (47,'Porvenir','0403','2',4,'2023-04-27T20:02:34-07:00','2023-04-27T20:02:34-07:00'),
 (48,'Las Delicias','0404','3',4,'2023-04-27T20:02:34-07:00','2023-04-27T20:02:34-07:00'),
 (49,'Manzanares','0405','3',4,'2023-04-27T20:02:34-07:00','2023-04-27T20:02:34-07:00'),
 (50,'Salomia','0406','3',4,'2023-04-27T20:02:34-07:00','2023-04-27T20:02:34-07:00'),
 (51,'Fátima','0407','2',4,'2023-04-27T20:02:34-07:00','2023-04-27T20:02:34-07:00'),
 (52,'Sultana - Berlín - San Francisco','0408','2',4,'2023-04-27T20:02:34-07:00','2023-04-27T20:02:34-07:00'),
 (53,'Popular','0410','3',4,'2023-04-27T20:02:34-07:00','2023-04-27T20:02:34-07:00'),
 (54,'Ignacio Rengifo','0411','3',4,'2023-04-27T20:02:34-07:00','2023-04-27T20:02:34-07:00'),
 (55,'Guillermo Valencia','0412','2',4,'2023-04-27T20:02:34-07:00','2023-04-27T20:02:34-07:00'),
 (56,'La Isla','0413','2',4,'2023-04-27T20:02:34-07:00','2023-04-27T20:02:34-07:00'),
 (57,'Marco Fidel Suárez','0414','2',4,'2023-04-27T20:02:34-07:00','2023-04-27T20:02:34-07:00'),
 (58,'Evaristo García','0415','2',4,'2023-04-27T20:02:34-07:00','2023-04-27T20:02:34-07:00'),
 (59,'La Esmeralda','0416','2',4,'2023-04-27T20:02:34-07:00','2023-04-27T20:02:34-07:00'),
 (60,'Bolivariano','0417','2',4,'2023-04-27T20:02:34-07:00','2023-04-27T20:02:34-07:00'),
 (61,'Olaya Herrera','0418','2',4,'2023-04-27T20:02:34-07:00','2023-04-27T20:02:34-07:00'),
 (62,'Unidad Residencial Bueno Madrid','0419','3',4,'2023-04-27T20:02:34-07:00','2023-04-27T20:02:34-07:00'),
 (63,'Flora Industrial','0420','3',4,'2023-04-27T20:02:34-07:00','2023-04-27T20:02:34-07:00'),
 (64,'Calima','0421','3',4,'2023-04-27T20:02:34-07:00','2023-04-27T20:02:34-07:00'),
 (65,'Industria de Licores','0423','NR',4,'2023-04-27T20:02:34-07:00','2023-04-27T20:02:34-07:00'),
 (66,'La Alianza','0497','3',4,'2023-04-27T20:02:34-07:00','2023-04-27T20:02:34-07:00'),
 (67,'El Sena','0501','3',5,'2023-04-27T20:02:34-07:00','2023-04-27T20:02:34-07:00'),
 (68,'Los Andes','0502','3',5,'2023-04-27T20:02:34-07:00','2023-04-27T20:02:34-07:00'),
 (69,'Los Guayacanes','0503','3',5,'2023-04-27T20:02:34-07:00','2023-04-27T20:02:34-07:00'),
 (70,'Chiminangos Segunda Etapa','0504','3',5,'2023-04-27T20:02:34-07:00','2023-04-27T20:02:34-07:00'),
 (71,'Chiminangos Primera Etapa','0505','3',5,'2023-04-27T20:02:34-07:00','2023-04-27T20:02:34-07:00'),
 (72,'Metropolitano del Norte','0506','3',5,'2023-04-27T20:02:34-07:00','2023-04-27T20:02:34-07:00'),
 (73,'Los Parques - Barranquilla','0594','3',5,'2023-04-27T20:02:34-07:00','2023-04-27T20:02:34-07:00'),
 (74,'Villa del Sol','0595','4',5,'2023-04-27T20:02:34-07:00','2023-04-27T20:02:34-07:00'),
 (75,'Paseo de Los Almendros','0596','3',5,'2023-04-27T20:02:34-07:00','2023-04-27T20:02:34-07:00'),
 (76,'Los Andes B - La Riviera','0597','3',5,'2023-04-27T20:02:34-07:00','2023-04-27T20:02:34-07:00'),
 (77,'Torres de Comfandi','0598','3',5,'2023-04-27T20:02:34-07:00','2023-04-27T20:02:34-07:00'),
 (78,'Villa del Prado - El Guabito','0599','3',5,'2023-04-27T20:02:34-07:00','2023-04-27T20:02:34-07:00'),
 (79,'San Luís','0601','2',6,'2023-04-27T20:02:34-07:00','2023-04-27T20:02:34-07:00'),
 (80,'Jorge Eliecer Gaitán','0602','2',6,'2023-04-27T20:02:34-07:00','2023-04-27T20:02:34-07:00'),
 (81,'Paso del Comercio','0603','2',6,'2023-04-27T20:02:34-07:00','2023-04-27T20:02:34-07:00'),
 (82,'Los Alcázares','0604','3',6,'2023-04-27T20:02:34-07:00','2023-04-27T20:02:34-07:00'),
 (83,'Petecuy Primera Etapa','0605','2',6,'2023-04-27T20:02:34-07:00','2023-04-27T20:02:34-07:00'),
 (84,'Petecuy Segunda Etapa','0606','2',6,'2023-04-27T20:02:34-07:00','2023-04-27T20:02:34-07:00'),
 (85,'La Rivera Primera Etapa','0607','2',6,'2023-04-27T20:02:34-07:00','2023-04-27T20:02:34-07:00'),
 (86,'Los Guaduales','0608','3',6,'2023-04-27T20:02:34-07:00','2023-04-27T20:02:34-07:00'),
 (87,'Petecuy Tercera Etapa','0609','2',6,'2023-04-27T20:02:34-07:00','2023-04-27T20:02:34-07:00'),
 (88,'Ciudadela Floralia','0610','2',6,'2023-04-27T20:02:34-07:00','2023-04-27T20:02:34-07:00'),
 (89,'Fonaviemcali','0695','3',6,'2023-04-27T20:02:34-07:00','2023-04-27T20:02:34-07:00'),
 (90,'San Luís II','0696','2',6,'2023-04-27T20:02:34-07:00','2023-04-27T20:02:34-07:00'),
 (91,'Urbanización Calimio','0697','2',6,'2023-04-27T20:02:34-07:00','2023-04-27T20:02:34-07:00'),
 (92,'Sector Puente del Comercio','0698','2',6,'2023-04-27T20:02:34-07:00','2023-04-27T20:02:34-07:00'),
 (93,'Alfonso López P. 1a. Etapa','0701','3',7,'2023-04-27T20:02:34-07:00','2023-04-27T20:02:34-07:00'),
 (94,'Alfonso López P. 2a. Etapa','0702','3',7,'2023-04-27T20:02:34-07:00','2023-04-27T20:02:34-07:00'),
 (95,'Alfonso López P. 3a. Etapa','0703','3',7,'2023-04-27T20:02:34-07:00','2023-04-27T20:02:34-07:00'),
 (96,'Puerto Nuevo','0704','1',7,'2023-04-27T20:02:34-07:00','2023-04-27T20:02:34-07:00'),
 (97,'Puerto Mallarino','0705','2',7,'2023-04-27T20:02:34-07:00','2023-04-27T20:02:34-07:00'),
 (98,'Urbanización El Angel del Hogar','0706','2',7,'2023-04-27T20:02:34-07:00','2023-04-27T20:02:34-07:00'),
 (99,'Siete de Agosto','0707','3',7,'2023-04-27T20:02:34-07:00','2023-04-27T20:02:34-07:00'),
 (100,'Los Pinos','0708','2',7,'2023-04-27T20:02:34-07:00','2023-04-27T20:02:34-07:00'),
 (101,'San Marino','0709','2',7,'2023-04-27T20:02:34-07:00','2023-04-27T20:02:34-07:00'),
 (102,'Las Ceibas','0710','3',7,'2023-04-27T20:02:34-07:00','2023-04-27T20:02:34-07:00'),
 (103,'Base Aérea','0711','NR',7,'2023-04-27T20:02:34-07:00','2023-04-27T20:02:34-07:00'),
 (104,'Parque de la Caña','0797','3',7,'2023-04-27T20:02:34-07:00','2023-04-27T20:02:34-07:00'),
 (105,'Fepicol','0798','3',7,'2023-04-27T20:02:34-07:00','2023-04-27T20:02:34-07:00'),
 (106,'Primitivo Crespo','0801','2',8,'2023-04-27T20:02:34-07:00','2023-04-27T20:02:34-07:00'),
 (107,'Simón Bolívar','0802','3',8,'2023-04-27T20:02:34-07:00','2023-04-27T20:02:34-07:00'),
 (108,'Saavedra Galindo','0803','2',8,'2023-04-27T20:02:34-07:00','2023-04-27T20:02:34-07:00'),
 (109,'Uribe Uribe','0804','2',8,'2023-04-27T20:02:34-07:00','2023-04-27T20:02:34-07:00'),
 (110,'Santa Mónica Popular','0805','3',8,'2023-04-27T20:02:34-07:00','2023-04-27T20:02:34-07:00'),
 (111,'La Floresta','0806','3',8,'2023-04-27T20:02:34-07:00','2023-04-27T20:02:34-07:00'),
 (112,'Benjamín Herrera','0807','3',8,'2023-04-27T20:02:34-07:00','2023-04-27T20:02:34-07:00'),
 (113,'Municipal','0808','3',8,'2023-04-27T20:02:34-07:00','2023-04-27T20:02:34-07:00'),
 (114,'Industrial','0809','2',8,'2023-04-27T20:02:34-07:00','2023-04-27T20:02:34-07:00'),
 (115,'El Troncal','0810','3',8,'2023-04-27T20:02:34-07:00','2023-04-27T20:02:34-07:00'),
 (116,'Las Américas','0811','3',8,'2023-04-27T20:02:34-07:00','2023-04-27T20:02:34-07:00'),
 (117,'Atanasio Girardot','0812','3',8,'2023-04-27T20:02:34-07:00','2023-04-27T20:02:34-07:00'),
 (118,'Santa Fe','0813','3',8,'2023-04-27T20:02:34-07:00','2023-04-27T20:02:34-07:00'),
 (119,'Chapinero','0814','3',8,'2023-04-27T20:02:34-07:00','2023-04-27T20:02:34-07:00'),
 (120,'Villa Colombia','0815','3',8,'2023-04-27T20:02:34-07:00','2023-04-27T20:02:34-07:00'),
 (121,'EL Trébol','0816','3',8,'2023-04-27T20:02:34-07:00','2023-04-27T20:02:34-07:00'),
 (122,'La Base','0817','3',8,'2023-04-27T20:02:34-07:00','2023-04-27T20:02:34-07:00'),
 (123,'Urbanización La Nueva Base','0818','3',8,'2023-04-27T20:02:34-07:00','2023-04-27T20:02:34-07:00'),
 (124,'Alameda','0901','3',9,'2023-04-27T20:02:34-07:00','2023-04-27T20:02:34-07:00'),
 (125,'Bretaña','0902','3',9,'2023-04-27T20:02:34-07:00','2023-04-27T20:02:34-07:00'),
 (126,'Junín','0903','3',9,'2023-04-27T20:02:34-07:00','2023-04-27T20:02:34-07:00'),
 (127,'Guayaquil','0904','3',9,'2023-04-27T20:02:34-07:00','2023-04-27T20:02:34-07:00'),
 (128,'Aranjuez','0905','3',9,'2023-04-27T20:02:34-07:00','2023-04-27T20:02:34-07:00'),
 (129,'Manuel María Buenaventura','0906','3',9,'2023-04-27T20:02:34-07:00','2023-04-27T20:02:34-07:00'),
 (130,'Santa Mónica Belalcázar','0907','3',9,'2023-04-27T20:02:34-07:00','2023-04-27T20:02:34-07:00'),
 (131,'Belalcázar','0908','3',9,'2023-04-27T20:02:34-07:00','2023-04-27T20:02:34-07:00'),
 (132,'Sucre','0909','1',9,'2023-04-27T20:02:34-07:00','2023-04-27T20:02:34-07:00'),
 (133,'Barrio Obrero','0910','2',9,'2023-04-27T20:02:34-07:00','2023-04-27T20:02:34-07:00'),
 (134,'El Dorado','1001','3',10,'2023-04-27T20:02:34-07:00','2023-04-27T20:02:34-07:00'),
 (135,'El Guabal','1002','3',10,'2023-04-27T20:02:34-07:00','2023-04-27T20:02:34-07:00'),
 (136,'La Libertad','1003','3',10,'2023-04-27T20:02:34-07:00','2023-04-27T20:02:34-07:00'),
 (137,'Santa Elena','1004','3',10,'2023-04-27T20:02:34-07:00','2023-04-27T20:02:34-07:00'),
 (138,'Las Acacias','1005','3',10,'2023-04-27T20:02:34-07:00','2023-04-27T20:02:34-07:00'),
 (139,'Santo Domingo','1006','3',10,'2023-04-27T20:02:34-07:00','2023-04-27T20:02:34-07:00'),
 (140,'Jorge Zawadsky','1007','3',10,'2023-04-27T20:02:34-07:00','2023-04-27T20:02:34-07:00'),
 (141,'Olímpico','1008','4',10,'2023-04-27T20:02:34-07:00','2023-04-27T20:02:34-07:00'),
 (142,'Cristóbal Colón','1009','3',10,'2023-04-27T20:02:34-07:00','2023-04-27T20:02:34-07:00'),
 (143,'La Selva','1010','3',10,'2023-04-27T20:02:34-07:00','2023-04-27T20:02:34-07:00'),
 (144,'Barrio Departamental','1011','4',10,'2023-04-27T20:02:34-07:00','2023-04-27T20:02:34-07:00'),
 (145,'Pasoancho','1012','4',10,'2023-04-27T20:02:34-07:00','2023-04-27T20:02:34-07:00'),
 (146,'Panamericano','1013','3',10,'2023-04-27T20:02:34-07:00','2023-04-27T20:02:34-07:00'),
 (147,'Colseguros Andes','1014','4',10,'2023-04-27T20:02:34-07:00','2023-04-27T20:02:34-07:00'),
 (148,'San Cristobal','1015','3',10,'2023-04-27T20:02:34-07:00','2023-04-27T20:02:34-07:00'),
 (149,'Las Granjas','1016','3',10,'2023-04-27T20:02:34-07:00','2023-04-27T20:02:34-07:00'),
 (150,'San Judas Tadeo I Etapa','1017','3',10,'2023-04-27T20:02:34-07:00','2023-04-27T20:02:34-07:00'),
 (151,'San Judas Tadeo II Etapa','1018','3',10,'2023-04-27T20:02:34-07:00','2023-04-27T20:02:34-07:00'),
 (152,'San Carlos','1101','3',11,'2023-04-27T20:02:34-07:00','2023-04-27T20:02:34-07:00'),
 (153,'Maracaibo','1102','3',11,'2023-04-27T20:02:34-07:00','2023-04-27T20:02:34-07:00'),
 (154,'La Independencia','1103','3',11,'2023-04-27T20:02:34-07:00','2023-04-27T20:02:34-07:00'),
 (155,'La Esperanza','1104','3',11,'2023-04-27T20:02:34-07:00','2023-04-27T20:02:34-07:00'),
 (156,'Urbanización Boyacá','1105','3',11,'2023-04-27T20:02:34-07:00','2023-04-27T20:02:34-07:00'),
 (157,'El Jardín','1106','3',11,'2023-04-27T20:02:34-07:00','2023-04-27T20:02:34-07:00'),
 (158,'La Fortaleza','1107','3',11,'2023-04-27T20:02:34-07:00','2023-04-27T20:02:34-07:00'),
 (159,'El Recuerdo','1108','3',11,'2023-04-27T20:02:34-07:00','2023-04-27T20:02:34-07:00'),
 (160,'Aguablanca','1109','3',11,'2023-04-27T20:02:34-07:00','2023-04-27T20:02:34-07:00'),
 (161,'El Prado','1110','3',11,'2023-04-27T20:02:34-07:00','2023-04-27T20:02:34-07:00'),
 (162,'20 de Julio','1111','3',11,'2023-04-27T20:02:34-07:00','2023-04-27T20:02:34-07:00'),
 (163,'Prados de Oriente','1112','3',11,'2023-04-27T20:02:34-07:00','2023-04-27T20:02:34-07:00'),
 (164,'Los Sauces','1113','3',11,'2023-04-27T20:02:34-07:00','2023-04-27T20:02:34-07:00'),
 (165,'Villa del Sur','1114','3',11,'2023-04-27T20:02:34-07:00','2023-04-27T20:02:34-07:00'),
 (166,'José Holguín Garcés','1115','3',11,'2023-04-27T20:02:34-07:00','2023-04-27T20:02:34-07:00'),
 (167,'León XIII','1116','2',11,'2023-04-27T20:02:34-07:00','2023-04-27T20:02:34-07:00'),
 (168,'José María Cordoba','1117','3',11,'2023-04-27T20:02:34-07:00','2023-04-27T20:02:34-07:00'),
 (169,'San Pedro Claver','1118','2',11,'2023-04-27T20:02:34-07:00','2023-04-27T20:02:34-07:00'),
 (170,'Los Conquistadores','1119','2',11,'2023-04-27T20:02:34-07:00','2023-04-27T20:02:34-07:00'),
 (171,'La Gran Colombia','1120','2',11,'2023-04-27T20:02:34-07:00','2023-04-27T20:02:34-07:00'),
 (172,'San Benito','1121','2',11,'2023-04-27T20:02:34-07:00','2023-04-27T20:02:34-07:00'),
 (173,'Primavera','1122','2',11,'2023-04-27T20:02:34-07:00','2023-04-27T20:02:34-07:00'),
 (174,'Villanueva','1201','2',12,'2023-04-27T20:02:34-07:00','2023-04-27T20:02:34-07:00'),
 (175,'Asturias','1202','2',12,'2023-04-27T20:02:34-07:00','2023-04-27T20:02:34-07:00'),
 (176,'Eduardo Santos','1203','2',12,'2023-04-27T20:02:34-07:00','2023-04-27T20:02:34-07:00'),
 (177,'Alfonso Barberena A.','1204','2',12,'2023-04-27T20:02:34-07:00','2023-04-27T20:02:34-07:00'),
 (178,'El Paraiso','1205','3',12,'2023-04-27T20:02:34-07:00','2023-04-27T20:02:34-07:00'),
 (179,'Fenalco Kennedy','1206','3',12,'2023-04-27T20:02:34-07:00','2023-04-27T20:02:34-07:00'),
 (180,'Nueva Floresta','1207','3',12,'2023-04-27T20:02:34-07:00','2023-04-27T20:02:34-07:00'),
 (181,'Julio Rincón','1208','2',12,'2023-04-27T20:02:34-07:00','2023-04-27T20:02:34-07:00'),
 (182,'Doce de Octubre','1209','3',12,'2023-04-27T20:02:34-07:00','2023-04-27T20:02:34-07:00'),
 (183,'El Rodeo','1210','2',12,'2023-04-27T20:02:34-07:00','2023-04-27T20:02:34-07:00'),
 (184,'Sindical','1211','3',12,'2023-04-27T20:02:34-07:00','2023-04-27T20:02:34-07:00'),
 (185,'Bello Horizonte','1212','3',12,'2023-04-27T20:02:34-07:00','2023-04-27T20:02:34-07:00'),
 (186,'Ulpiano Lloreda','1301','2',13,'2023-04-27T20:02:34-07:00','2023-04-27T20:02:34-07:00'),
 (187,'El Vergel','1302','1',13,'2023-04-27T20:02:34-07:00','2023-04-27T20:02:34-07:00'),
 (188,'El Poblado I','1303','2',13,'2023-04-27T20:02:34-07:00','2023-04-27T20:02:34-07:00'),
 (189,'El Poblado II','1304','2',13,'2023-04-27T20:02:34-07:00','2023-04-27T20:02:34-07:00'),
 (190,'Los Comuneros Segunda Etapa','1305','2',13,'2023-04-27T20:02:34-07:00','2023-04-27T20:02:34-07:00'),
 (191,'Ricardo Balcázar','1306','2',13,'2023-04-27T20:02:34-07:00','2023-04-27T20:02:34-07:00'),
 (192,'Omar Torrijos','1307','2',13,'2023-04-27T20:02:34-07:00','2023-04-27T20:02:34-07:00'),
 (193,'El Diamante','1308','2',13,'2023-04-27T20:02:34-07:00','2023-04-27T20:02:34-07:00'),
 (194,'Lleras Restrepo','1309','2',13,'2023-04-27T20:02:34-07:00','2023-04-27T20:02:34-07:00'),
 (195,'Villa del Lago','1310','3',13,'2023-04-27T20:02:34-07:00','2023-04-27T20:02:34-07:00'),
 (196,'Los Robles','1311','2',13,'2023-04-27T20:02:34-07:00','2023-04-27T20:02:34-07:00'),
 (197,'Rodrigo Lara Bonilla','1312','2',13,'2023-04-27T20:02:34-07:00','2023-04-27T20:02:34-07:00'),
 (198,'Charco Azul','1313','1',13,'2023-04-27T20:02:34-07:00','2023-04-27T20:02:34-07:00'),
 (199,'Villablanca','1314','2',13,'2023-04-27T20:02:34-07:00','2023-04-27T20:02:34-07:00'),
 (200,'Calipso','1315','3',13,'2023-04-27T20:02:34-07:00','2023-04-27T20:02:34-07:00'),
 (201,'Yira Castro','1390','2',13,'2023-04-27T20:02:34-07:00','2023-04-27T20:02:34-07:00'),
 (202,'Lleras Restrepo II Etapa','1393','1',13,'2023-04-27T20:02:34-07:00','2023-04-27T20:02:34-07:00'),
 (203,'Marroquín III','1394','2',13,'2023-04-27T20:02:34-07:00','2023-04-27T20:02:34-07:00'),
 (204,'Los Lagos','1395','2',13,'2023-04-27T20:02:34-07:00','2023-04-27T20:02:34-07:00'),
 (205,'Sector Laguna del Pondaje','1397','1',13,'2023-04-27T20:02:34-07:00','2023-04-27T20:02:34-07:00'),
 (206,'El Pondaje','1398','2',13,'2023-04-27T20:02:34-07:00','2023-04-27T20:02:34-07:00'),
 (207,'Sector Asprosocial-Diamante','1399','2',13,'2023-04-27T20:02:34-07:00','2023-04-27T20:02:34-07:00'),
 (208,'Alfonso Bonilla Aragón','1401','1',14,'2023-04-27T20:02:34-07:00','2023-04-27T20:02:34-07:00'),
 (209,'Alirio Mora Beltrán','1402','2',14,'2023-04-27T20:02:34-07:00','2023-04-27T20:02:34-07:00'),
 (210,'Manuela Beltrán','1403','1',14,'2023-04-27T20:02:34-07:00','2023-04-27T20:02:34-07:00'),
 (211,'Las Orquídeas','1404','1',14,'2023-04-27T20:02:34-07:00','2023-04-27T20:02:34-07:00'),
 (212,'José Manuel Marroquín Segunda Etapa','1405','2',14,'2023-04-27T20:02:34-07:00','2023-04-27T20:02:34-07:00'),
 (213,'José Manuel Marroquín Primera Etapa','1406','2',14,'2023-04-27T20:02:34-07:00','2023-04-27T20:02:34-07:00'),
 (214,'Puerta del Sol','1495','1',14,'2023-04-27T20:02:34-07:00','2023-04-27T20:02:34-07:00'),
 (215,'Los Naranjos I','1496','1',14,'2023-04-27T20:02:34-07:00','2023-04-27T20:02:34-07:00'),
 (216,'Promociones Populares B','1498','1',14,'2023-04-27T20:02:34-07:00','2023-04-27T20:02:34-07:00'),
 (217,'Los Naranjos II','1499','1',14,'2023-04-27T20:02:34-07:00','2023-04-27T20:02:34-07:00'),
 (218,'El Retiro','1501','1',15,'2023-04-27T20:02:34-07:00','2023-04-27T20:02:34-07:00'),
 (219,'Comuneros I','1502','2',15,'2023-04-27T20:02:34-07:00','2023-04-27T20:02:34-07:00'),
 (220,'Laureano Gómez','1503','1',15,'2023-04-27T20:02:34-07:00','2023-04-27T20:02:34-07:00'),
 (221,'El Vallado','1504','2',15,'2023-04-27T20:02:34-07:00','2023-04-27T20:02:34-07:00'),
 (222,'Ciudad Cordoba','1596','3',15,'2023-04-27T20:02:34-07:00','2023-04-27T20:02:34-07:00'),
 (223,'Mojica','1598','1',15,'2023-04-27T20:02:34-07:00','2023-04-27T20:02:34-07:00'),
 (224,'El Morichal','1599','2',15,'2023-04-27T20:02:34-07:00','2023-04-27T20:02:34-07:00'),
 (225,'Mariano Ramos','1601','2',16,'2023-04-27T20:02:34-07:00','2023-04-27T20:02:34-07:00'),
 (226,'República de Israel','1602','2',16,'2023-04-27T20:02:34-07:00','2023-04-27T20:02:34-07:00'),
 (227,'Unión de Vivienda Popular','1603','2',16,'2023-04-27T20:02:34-07:00','2023-04-27T20:02:34-07:00'),
 (228,'Antonio Nariño','1604','2',16,'2023-04-27T20:02:34-07:00','2023-04-27T20:02:34-07:00'),
 (229,'Brisas del Limonar','1605','2',16,'2023-04-27T20:02:34-07:00','2023-04-27T20:02:34-07:00'),
 (230,'Vendimia','1696','NR',16,'2023-04-27T20:02:34-07:00','2023-04-27T20:02:34-07:00'),
 (231,'Ciudad 2000','1697','4',16,'2023-04-27T20:02:34-07:00','2023-04-27T20:02:34-07:00'),
 (232,'La Alborada','1698','3',16,'2023-04-27T20:02:34-07:00','2023-04-27T20:02:34-07:00'),
 (233,'La Playa','1701','3',17,'2023-04-27T20:02:34-07:00','2023-04-27T20:02:34-07:00'),
 (234,'Primero de Mayo','1702','4',17,'2023-04-27T20:02:34-07:00','2023-04-27T20:02:34-07:00'),
 (235,'Ciudadela Comfandi','1703','3',17,'2023-04-27T20:02:34-07:00','2023-04-27T20:02:34-07:00'),
 (236,'Ciudad Universitaria','1705','NR',17,'2023-04-27T20:02:34-07:00','2023-04-27T20:02:34-07:00'),
 (237,'Caney','1774','4',17,'2023-04-27T20:02:34-07:00','2023-04-27T20:02:34-07:00'),
 (238,'Lili','1775','4',17,'2023-04-27T20:02:34-07:00','2023-04-27T20:02:34-07:00'),
 (239,'Santa Anita - La Selva','1778','5',17,'2023-04-27T20:02:34-07:00','2023-04-27T20:02:34-07:00'),
 (240,'El Ingenio','1780','5',17,'2023-04-27T20:02:34-07:00','2023-04-27T20:02:34-07:00'),
 (241,'Mayapan - Las Vegas','1781','5',17,'2023-04-27T20:02:34-07:00','2023-04-27T20:02:34-07:00'),
 (242,'Las Quintas de Don Simón','1782','5',17,'2023-04-27T20:02:34-07:00','2023-04-27T20:02:34-07:00'),
 (243,'Ciudad Capri','1783','5',17,'2023-04-27T20:02:34-07:00','2023-04-27T20:02:34-07:00'),
 (244,'La Hacienda','1784','5',17,'2023-04-27T20:02:34-07:00','2023-04-27T20:02:34-07:00'),
 (245,'Los Portales - Nuevo Rey','1785','5',17,'2023-04-27T20:02:34-07:00','2023-04-27T20:02:34-07:00'),
 (246,'Cañaverales - Los Samanes','1786','3',17,'2023-04-27T20:02:34-07:00','2023-04-27T20:02:34-07:00'),
 (247,'El Limonar','1787','3',17,'2023-04-27T20:02:34-07:00','2023-04-27T20:02:34-07:00'),
 (248,'Bosques del Limonar','1788','4',17,'2023-04-27T20:02:34-07:00','2023-04-27T20:02:34-07:00'),
 (249,'El Gran Limonar - Cataya','1789','5',17,'2023-04-27T20:02:34-07:00','2023-04-27T20:02:34-07:00'),
 (250,'El Gran Limonar','1790','5',17,'2023-04-27T20:02:34-07:00','2023-04-27T20:02:34-07:00'),
 (251,'Unicentro Cali','1791','5',17,'2023-04-27T20:02:34-07:00','2023-04-27T20:02:34-07:00'),
 (252,'Ciudadela Pasoancho','1793','5',17,'2023-04-27T20:02:34-07:00','2023-04-27T20:02:34-07:00'),
 (253,'Prados del Limonar','1794','5',17,'2023-04-27T20:02:34-07:00','2023-04-27T20:02:34-07:00'),
 (254,'Urbanización San Joaquin','1796','5',17,'2023-04-27T20:02:34-07:00','2023-04-27T20:02:34-07:00'),
 (255,'Buenos Aires','1801','3',18,'2023-04-27T20:02:34-07:00','2023-04-27T20:02:34-07:00'),
 (256,'Barrio Caldas','1802','3',18,'2023-04-27T20:02:34-07:00','2023-04-27T20:02:34-07:00'),
 (257,'Los Chorros','1803','3',18,'2023-04-27T20:02:34-07:00','2023-04-27T20:02:34-07:00'),
 (258,'Meléndez','1804','3',18,'2023-04-27T20:02:34-07:00','2023-04-27T20:02:34-07:00'),
 (259,'Los Farallones','1805','3',18,'2023-04-27T20:02:34-07:00','2023-04-27T20:02:34-07:00'),
 (260,'Francisco Eladio Ramirez','1807','3',18,'2023-04-27T20:02:34-07:00','2023-04-27T20:02:34-07:00'),
 (261,'Prados del Sur','1808','2',18,'2023-04-27T20:02:34-07:00','2023-04-27T20:02:34-07:00'),
 (262,'Horizontes','1809','3',18,'2023-04-27T20:02:34-07:00','2023-04-27T20:02:34-07:00'),
 (263,'Mario Correa Rengifo','1810','2',18,'2023-04-27T20:02:34-07:00','2023-04-27T20:02:34-07:00'),
 (264,'Lourdes','1811','2',18,'2023-04-27T20:02:34-07:00','2023-04-27T20:02:34-07:00'),
 (265,'Colinas del Sur','1812','3',18,'2023-04-27T20:02:34-07:00','2023-04-27T20:02:34-07:00'),
 (266,'Alférez Real','1813','3',18,'2023-04-27T20:02:34-07:00','2023-04-27T20:02:34-07:00'),
 (267,'Nápoles','1814','3',18,'2023-04-27T20:02:34-07:00','2023-04-27T20:02:34-07:00'),
 (268,'El Jordán','1815','2',18,'2023-04-27T20:02:34-07:00','2023-04-27T20:02:34-07:00'),
 (269,'Cuarteles Napoles','1816','NR',18,'2023-04-27T20:02:34-07:00','2023-04-27T20:02:34-07:00'),
 (270,'Sector Alto de Los Chorros','1890','1',18,'2023-04-27T20:02:34-07:00','2023-04-27T20:02:34-07:00'),
 (271,'Polvorines','1891','2',18,'2023-04-27T20:02:34-07:00','2023-04-27T20:02:34-07:00'),
 (272,'Sector Meléndez','1896','3',18,'2023-04-27T20:02:34-07:00','2023-04-27T20:02:34-07:00'),
 (273,'Sector Alto Jordán','1897','1',18,'2023-04-27T20:02:34-07:00','2023-04-27T20:02:34-07:00'),
 (274,'Alto Nápoles','1898','1',18,'2023-04-27T20:02:34-07:00','2023-04-27T20:02:34-07:00'),
 (275,'El Refugio','1901','4',19,'2023-04-27T20:02:34-07:00','2023-04-27T20:02:34-07:00'),
 (276,'La Cascada','1902','5',19,'2023-04-27T20:02:34-07:00','2023-04-27T20:02:34-07:00'),
 (277,'El Lido','1903','5',19,'2023-04-27T20:02:34-07:00','2023-04-27T20:02:34-07:00'),
 (278,'Urbanización Tequendama','1904','5',19,'2023-04-27T20:02:34-07:00','2023-04-27T20:02:34-07:00'),
 (279,'Barrio Eucarístico','1905','4',19,'2023-04-27T20:02:34-07:00','2023-04-27T20:02:34-07:00'),
 (280,'San Fernando Nuevo','1906','4',19,'2023-04-27T20:02:34-07:00','2023-04-27T20:02:34-07:00'),
 (281,'Urbanización Nueva Granada','1907','4',19,'2023-04-27T20:02:34-07:00','2023-04-27T20:02:34-07:00'),
 (282,'Santa Isabel','1908','4',19,'2023-04-27T20:02:34-07:00','2023-04-27T20:02:34-07:00'),
 (283,'Bellavista','1909','2',19,'2023-04-27T20:02:34-07:00','2023-04-27T20:02:34-07:00'),
 (284,'San Fernando Viejo','1910','5',19,'2023-04-27T20:02:34-07:00','2023-04-27T20:02:34-07:00'),
 (285,'Miraflores','1911','4',19,'2023-04-27T20:02:34-07:00','2023-04-27T20:02:34-07:00'),
 (286,'3 de Julio','1912','4',19,'2023-04-27T20:02:34-07:00','2023-04-27T20:02:34-07:00'),
 (287,'El Cedro','1913','4',19,'2023-04-27T20:02:34-07:00','2023-04-27T20:02:34-07:00'),
 (288,'Champagñat','1914','4',19,'2023-04-27T20:02:34-07:00','2023-04-27T20:02:34-07:00'),
 (289,'Urbanización Colseguros','1915','4',19,'2023-04-27T20:02:34-07:00','2023-04-27T20:02:34-07:00'),
 (290,'Los Cambulos','1916','4',19,'2023-04-27T20:02:34-07:00','2023-04-27T20:02:34-07:00'),
 (291,'El Mortiñal','1917','2',19,'2023-04-27T20:02:34-07:00','2023-04-27T20:02:34-07:00'),
 (292,'Urbanización Militar','1918','4',19,'2023-04-27T20:02:34-07:00','2023-04-27T20:02:34-07:00'),
 (293,'Cuarto de Legua - Guadalupe','1919','5',19,'2023-04-27T20:02:34-07:00','2023-04-27T20:02:34-07:00'),
 (294,'Nueva Tequendama','1921','5',19,'2023-04-27T20:02:34-07:00','2023-04-27T20:02:34-07:00'),
 (295,'Camino Real - Joaquín Borrero Sinisterra','1922','5',19,'2023-04-27T20:02:34-07:00','2023-04-27T20:02:34-07:00'),
 (296,'Camino Real - Los Fundadores','1923','5',19,'2023-04-27T20:02:34-07:00','2023-04-27T20:02:34-07:00'),
 (297,'Altos de Santa Isabel -  La Morelia','1981','6',19,'2023-04-27T20:02:34-07:00','2023-04-27T20:02:34-07:00'),
 (298,'Santa Barbara','1982','6',19,'2023-04-27T20:02:34-07:00','2023-04-27T20:02:34-07:00'),
 (299,'Tejares - Cristales','1983','6',19,'2023-04-27T20:02:34-07:00','2023-04-27T20:02:34-07:00'),
 (300,'Unidad Residencial Santiago de Cali','1984','4',19,'2023-04-27T20:02:34-07:00','2023-04-27T20:02:34-07:00'),
 (301,'Unidad Residencial El Coliseo','1985','4',19,'2023-04-27T20:02:34-07:00','2023-04-27T20:02:34-07:00'),
 (302,'Cañaveralejo - Seguros Patria','1988','5',19,'2023-04-27T20:02:34-07:00','2023-04-27T20:02:34-07:00'),
 (303,'Cañaveral','1992','6',19,'2023-04-27T20:02:34-07:00','2023-04-27T20:02:34-07:00'),
 (304,'Pampa Linda','1994','5',19,'2023-04-27T20:02:34-07:00','2023-04-27T20:02:34-07:00'),
 (305,'Sector Cañaveralejo Guadalupe','1995','5',19,'2023-04-27T20:02:34-07:00','2023-04-27T20:02:34-07:00'),
 (306,'U.D. Alberto Galindo -  Plaza de Toros','1999','NR',19,'2023-04-27T20:02:34-07:00','2023-04-27T20:02:34-07:00'),
 (307,'El Cortijo','2001','2',20,'2023-04-27T20:02:34-07:00','2023-04-27T20:02:34-07:00'),
 (308,'Belisario Caicedo','2002','3',20,'2023-04-27T20:02:34-07:00','2023-04-27T20:02:34-07:00'),
 (309,'Siloé','2003','1',20,'2023-04-27T20:02:34-07:00','2023-04-27T20:02:34-07:00'),
 (310,'Lleras Camargo','2004','1',20,'2023-04-27T20:02:34-07:00','2023-04-27T20:02:34-07:00'),
 (311,'Belén','2005','1',20,'2023-04-27T20:02:34-07:00','2023-04-27T20:02:34-07:00'),
 (312,'Brisas de Mayo','2006','1',20,'2023-04-27T20:02:34-07:00','2023-04-27T20:02:34-07:00'),
 (313,'Tierra Blanca','2007','1',20,'2023-04-27T20:02:34-07:00','2023-04-27T20:02:34-07:00'),
 (314,'Pueblo Joven','2008','1',20,'2023-04-27T20:02:34-07:00','2023-04-27T20:02:34-07:00'),
 (315,'Carabineros','2097','1',20,'2023-04-27T20:02:34-07:00','2023-04-27T20:02:34-07:00'),
 (316,'Venezuela - Urbanización Cañaveralejo','2098','1',20,'2023-04-27T20:02:34-07:00','2023-04-27T20:02:34-07:00'),
 (317,'La Sultana','2099','1',20,'2023-04-27T20:02:34-07:00','2023-04-27T20:02:34-07:00'),
 (318,'Pízamos I','2101','1',21,'2023-04-27T20:02:34-07:00','2023-04-27T20:02:34-07:00'),
 (319,'Pízamos II','2102','1',21,'2023-04-27T20:02:34-07:00','2023-04-27T20:02:34-07:00'),
 (320,'Calimio Desepaz','2103','1',21,'2023-04-27T20:02:34-07:00','2023-04-27T20:02:34-07:00'),
 (321,'El Remanso','2104','1',21,'2023-04-27T20:02:34-07:00','2023-04-27T20:02:34-07:00'),
 (322,'Los Líderes','2105','1',21,'2023-04-27T20:02:34-07:00','2023-04-27T20:02:34-07:00'),
 (323,'Desepaz Invicali','2106','1',21,'2023-04-27T20:02:34-07:00','2023-04-27T20:02:34-07:00'),
 (324,'Compartir','2107','1',21,'2023-04-27T20:02:34-07:00','2023-04-27T20:02:34-07:00'),
 (325,'Ciudad Talanga','2108','1',21,'2023-04-27T20:02:34-07:00','2023-04-27T20:02:34-07:00'),
 (326,'Villamercedes I - Villa Luz - Las Garzas','2194','1',21,'2023-04-27T20:02:34-07:00','2023-04-27T20:02:34-07:00'),
 (327,'Pízamos III - Las Dalias','2195','1',21,'2023-04-27T20:02:34-07:00','2023-04-27T20:02:34-07:00'),
 (328,'Potrero Grande','2196','1',21,'2023-04-27T20:02:34-07:00','2023-04-27T20:02:34-07:00'),
 (329,'Ciudadela del Río','2197','2',21,'2023-04-27T20:02:34-07:00','2023-04-27T20:02:34-07:00'),
 (330,'Valle Grande','2198','2',21,'2023-04-27T20:02:34-07:00','2023-04-27T20:02:34-07:00'),
 (331,'Planta de Tratamiento','2199','NR',21,'2023-04-27T20:02:34-07:00','2023-04-27T20:02:34-07:00'),
 (332,'Urbanización Ciudad Jardín','2201','6',22,'2023-04-27T20:02:34-07:00','2023-04-27T20:02:34-07:00'),
 (333,'Parcelaciones Pance','2296','6',22,'2023-04-27T20:02:34-07:00','2023-04-27T20:02:34-07:00'),
 (334,'Urbanización Río Lili','2297','6',22,'2023-04-27T20:02:34-07:00','2023-04-27T20:02:34-07:00'),
 (335,'Ciudad Campestre','2298','6',22,'2023-04-27T20:02:34-07:00','2023-04-27T20:02:34-07:00'),
 (336,'Club Campestre','2299','6',22,'2023-04-27T20:02:34-07:00','2023-04-27T20:02:34-07:00');
INSERT INTO "vereda" ("id","nombre","codigo","created","updated") VALUES (1,'NAVARRO','5100','2023-04-27T20:02:34-07:00','2023-04-27T20:02:34-07:00'),
 (2,'EL HORMIGUERO','5200','2023-04-27T20:02:34-07:00','2023-04-27T20:02:34-07:00'),
 (3,'PANCE','5300','2023-04-27T20:02:34-07:00','2023-04-27T20:02:34-07:00'),
 (4,'LA BUITRERA','5400','2023-04-27T20:02:34-07:00','2023-04-27T20:02:34-07:00'),
 (5,'VILLACARMELO','5500','2023-04-27T20:02:34-07:00','2023-04-27T20:02:34-07:00'),
 (6,'LOS ANDES','5600','2023-04-27T20:02:34-07:00','2023-04-27T20:02:34-07:00'),
 (7,'PICHINDE','5700','2023-04-27T20:02:34-07:00','2023-04-27T20:02:34-07:00'),
 (8,'LA LEONERA','5800','2023-04-27T20:02:34-07:00','2023-04-27T20:02:34-07:00'),
 (9,'FELIDIA','5900','2023-04-27T20:02:34-07:00','2023-04-27T20:02:34-07:00'),
 (10,'EL SALADITO','6000','2023-04-27T20:02:34-07:00','2023-04-27T20:02:34-07:00'),
 (11,'LA ELVIRA','6100','2023-04-27T20:02:34-07:00','2023-04-27T20:02:34-07:00'),
 (12,'LA CASTILLA','6200','2023-04-27T20:02:34-07:00','2023-04-27T20:02:34-07:00'),
 (13,'LA PAZ','6300','2023-04-27T20:02:34-07:00','2023-04-27T20:02:34-07:00'),
 (14,'MONTEBELLLO','6400','2023-04-27T20:02:34-07:00','2023-04-27T20:02:34-07:00'),
 (15,'GOLONDRINAS','6500','2023-04-27T20:02:34-07:00','2023-04-27T20:02:34-07:00');
INSERT INTO "sector" ("id","nombre","codigo","id_vereda","created","updated") VALUES (1,'Navarro (Cabecera)','5101',1,'2023-04-27T20:02:34-07:00','2023-04-27T20:02:34-07:00'),
 (2,'El Estero','5102',1,'2023-04-27T20:02:34-07:00','2023-04-27T20:02:34-07:00'),
 (3,'Zona de reserva agrícola','5198',1,'2023-04-27T20:02:34-07:00','2023-04-27T20:02:34-07:00'),
 (4,'Jarillón Navarro','5199',1,'2023-04-27T20:02:34-07:00','2023-04-27T20:02:34-07:00'),
 (5,'El Hormiguero (Cabecera)','5201',2,'2023-04-27T20:02:34-07:00','2023-04-27T20:02:34-07:00'),
 (6,'Morgan','5202',2,'2023-04-27T20:02:34-07:00','2023-04-27T20:02:34-07:00'),
 (7,'La Paila','5203',2,'2023-04-27T20:02:34-07:00','2023-04-27T20:02:34-07:00'),
 (8,'Cauca Viejo','5204',2,'2023-04-27T20:02:34-07:00','2023-04-27T20:02:34-07:00'),
 (9,'Cascajal','5205',2,'2023-04-27T20:02:34-07:00','2023-04-27T20:02:34-07:00'),
 (10,'Zona de reserva agrícola','5289',2,'2023-04-27T20:02:34-07:00','2023-04-27T20:02:34-07:00'),
 (11,'La Vorágine','5301',3,'2023-04-27T20:02:34-07:00','2023-04-27T20:02:34-07:00'),
 (12,'Pance (Cabecera)','5302',3,'2023-04-27T20:02:34-07:00','2023-04-27T20:02:34-07:00'),
 (13,'San Francisco','5312',3,'2023-04-27T20:02:34-07:00','2023-04-27T20:02:34-07:00'),
 (14,'El Jardín','5314',3,'2023-04-27T20:02:34-07:00','2023-04-27T20:02:34-07:00'),
 (15,'Pico de Aguila','5319',3,'2023-04-27T20:02:34-07:00','2023-04-27T20:02:34-07:00'),
 (16,'El Banqueo','5313',3,'2023-04-27T20:02:34-07:00','2023-04-27T20:02:34-07:00'),
 (17,'El Peón','5320',3,'2023-04-27T20:02:34-07:00','2023-04-27T20:02:34-07:00'),
 (18,'La María','5398',3,'2023-04-27T20:02:34-07:00','2023-04-27T20:02:34-07:00'),
 (19,'Pance Suburbano (La Viga)','5399',3,'2023-04-27T20:02:34-07:00','2023-04-27T20:02:34-07:00'),
 (20,'La Buitrera (Cabecera)','5401',4,'2023-04-27T20:02:34-07:00','2023-04-27T20:02:34-07:00'),
 (21,'La Riverita','5410',4,'2023-04-27T20:02:34-07:00','2023-04-27T20:02:34-07:00'),
 (22,'El Rosario','5411',4,'2023-04-27T20:02:34-07:00','2023-04-27T20:02:34-07:00'),
 (23,'El Otoño','5413',4,'2023-04-27T20:02:34-07:00','2023-04-27T20:02:34-07:00'),
 (24,'Alto de Los Mangos','5418',4,'2023-04-27T20:02:34-07:00','2023-04-27T20:02:34-07:00'),
 (25,'La Luisa','5486',4,'2023-04-27T20:02:34-07:00','2023-04-27T20:02:34-07:00'),
 (26,'La Sirena','5487',4,'2023-04-27T20:02:34-07:00','2023-04-27T20:02:34-07:00'),
 (27,'Parque de La Bandera','5492',4,'2023-04-27T20:02:34-07:00','2023-04-27T20:02:34-07:00'),
 (28,'Cantaclaro','5493',4,'2023-04-27T20:02:34-07:00','2023-04-27T20:02:34-07:00'),
 (29,'Club Campestre','5496',4,'2023-04-27T20:02:34-07:00','2023-04-27T20:02:34-07:00'),
 (30,'Villacarmelo (Cabecera)','5501',5,'2023-04-27T20:02:34-07:00','2023-04-27T20:02:34-07:00'),
 (31,'La Fonda','5502',5,'2023-04-27T20:02:34-07:00','2023-04-27T20:02:34-07:00'),
 (32,'Dos Quebradas','5503',5,'2023-04-27T20:02:34-07:00','2023-04-27T20:02:34-07:00'),
 (33,'La Candelaria','5504',5,'2023-04-27T20:02:34-07:00','2023-04-27T20:02:34-07:00'),
 (34,'El Carmen','5505',5,'2023-04-27T20:02:34-07:00','2023-04-27T20:02:34-07:00'),
 (35,'La Sirena','5599',5,'2023-04-27T20:02:34-07:00','2023-04-27T20:02:34-07:00'),
 (36,'Los Andes (Cabecera)','5601',6,'2023-04-27T20:02:34-07:00','2023-04-27T20:02:34-07:00'),
 (37,'Los Cárpatos','5602',6,'2023-04-27T20:02:34-07:00','2023-04-27T20:02:34-07:00'),
 (38,'Quebrada Honda','5603',6,'2023-04-27T20:02:34-07:00','2023-04-27T20:02:34-07:00'),
 (39,'Pueblo Nuevo','5604',6,'2023-04-27T20:02:34-07:00','2023-04-27T20:02:34-07:00'),
 (40,'El Faro','5605',6,'2023-04-27T20:02:34-07:00','2023-04-27T20:02:34-07:00'),
 (41,'La Reforma - El Mango','5607',6,'2023-04-27T20:02:34-07:00','2023-04-27T20:02:34-07:00'),
 (42,'La Carolina - Los Andes Bajo','5608',6,'2023-04-27T20:02:34-07:00','2023-04-27T20:02:34-07:00'),
 (43,'El Cabuyal','5611',6,'2023-04-27T20:02:34-07:00','2023-04-27T20:02:34-07:00'),
 (44,'Atenas - Mameyal','5695',6,'2023-04-27T20:02:34-07:00','2023-04-27T20:02:34-07:00'),
 (45,'Mónaco','5696',6,'2023-04-27T20:02:34-07:00','2023-04-27T20:02:34-07:00'),
 (46,'Pichindé (Cabecera)','5701',7,'2023-04-27T20:02:34-07:00','2023-04-27T20:02:34-07:00'),
 (47,'Peñas Blancas','5702',7,'2023-04-27T20:02:34-07:00','2023-04-27T20:02:34-07:00'),
 (48,'Loma de La Cajita','5703',7,'2023-04-27T20:02:34-07:00','2023-04-27T20:02:34-07:00'),
 (49,'La Leonera (Cabecera)','5801',8,'2023-04-27T20:02:34-07:00','2023-04-27T20:02:34-07:00'),
 (50,'El Pato','5802',8,'2023-04-27T20:02:34-07:00','2023-04-27T20:02:34-07:00'),
 (51,'El Porvenir','5803',8,'2023-04-27T20:02:34-07:00','2023-04-27T20:02:34-07:00'),
 (52,'El Pajuil','5804',8,'2023-04-27T20:02:34-07:00','2023-04-27T20:02:34-07:00'),
 (53,'La Cajita','5805',8,'2023-04-27T20:02:34-07:00','2023-04-27T20:02:34-07:00'),
 (54,'Felidia (Cabecera)','5904',9,'2023-04-27T20:02:34-07:00','2023-04-27T20:02:34-07:00'),
 (55,'La Esperanza','5902',9,'2023-04-27T20:02:34-07:00','2023-04-27T20:02:34-07:00'),
 (56,'Las Nieves','5903',9,'2023-04-27T20:02:34-07:00','2023-04-27T20:02:34-07:00'),
 (57,'El Diamante','5905',9,'2023-04-27T20:02:34-07:00','2023-04-27T20:02:34-07:00'),
 (58,'Santa Helena','5910',9,'2023-04-27T20:02:34-07:00','2023-04-27T20:02:34-07:00'),
 (59,'El Saladito (Cabecera)','6001',10,'2023-04-27T20:02:34-07:00','2023-04-27T20:02:34-07:00'),
 (60,'San Antonio','6002',10,'2023-04-27T20:02:34-07:00','2023-04-27T20:02:34-07:00'),
 (61,'San Pablo','6003',10,'2023-04-27T20:02:34-07:00','2023-04-27T20:02:34-07:00'),
 (62,'San Miguel','6004',10,'2023-04-27T20:02:34-07:00','2023-04-27T20:02:34-07:00'),
 (63,'Montañuelas','6005',10,'2023-04-27T20:02:34-07:00','2023-04-27T20:02:34-07:00'),
 (64,'El Palomar','6006',10,'2023-04-27T20:02:34-07:00','2023-04-27T20:02:34-07:00'),
 (65,'El Cerezo','6007',10,'2023-04-27T20:02:34-07:00','2023-04-27T20:02:34-07:00'),
 (66,'Las Nieves','6008',10,'2023-04-27T20:02:34-07:00','2023-04-27T20:02:34-07:00'),
 (67,'La Elvira (Cabecera)','6101',11,'2023-04-27T20:02:34-07:00','2023-04-27T20:02:34-07:00'),
 (68,'Los Laureles','6102',11,'2023-04-27T20:02:34-07:00','2023-04-27T20:02:34-07:00'),
 (69,'Alto Aguacatal','6103',11,'2023-04-27T20:02:34-07:00','2023-04-27T20:02:34-07:00'),
 (70,'La Castilla (Cabecera)','6201',12,'2023-04-27T20:02:34-07:00','2023-04-27T20:02:34-07:00'),
 (71,'Las Palmas','6202',12,'2023-04-27T20:02:34-07:00','2023-04-27T20:02:34-07:00'),
 (72,'Los Limones','6203',12,'2023-04-27T20:02:34-07:00','2023-04-27T20:02:34-07:00'),
 (73,'Las Brisas','6205',12,'2023-04-27T20:02:34-07:00','2023-04-27T20:02:34-07:00'),
 (74,'El Futuro','6206',12,'2023-04-27T20:02:34-07:00','2023-04-27T20:02:34-07:00'),
 (75,'El Pinar','6207',12,'2023-04-27T20:02:34-07:00','2023-04-27T20:02:34-07:00'),
 (76,'Galeras','6208',12,'2023-04-27T20:02:34-07:00','2023-04-27T20:02:34-07:00'),
 (77,'La Paz (Cabecera)','6301',13,'2023-04-27T20:02:34-07:00','2023-04-27T20:02:34-07:00'),
 (78,'Villa del Rosario','6302',13,'2023-04-27T20:02:34-07:00','2023-04-27T20:02:34-07:00'),
 (79,'Lomitas','6303',13,'2023-04-27T20:02:34-07:00','2023-04-27T20:02:34-07:00'),
 (80,'Montebello (Cabecera)','6401',14,'2023-04-27T20:02:34-07:00','2023-04-27T20:02:34-07:00'),
 (81,'Campoalegre','6403',14,'2023-04-27T20:02:34-07:00','2023-04-27T20:02:34-07:00'),
 (82,'Aguacatal','6404',14,'2023-04-27T20:02:34-07:00','2023-04-27T20:02:34-07:00'),
 (83,'Golondrinas (Cabecera)','6501',15,'2023-04-27T20:02:34-07:00','2023-04-27T20:02:34-07:00'),
 (84,'La María','6503',15,'2023-04-27T20:02:34-07:00','2023-04-27T20:02:34-07:00'),
 (85,'Sector Tres Cruces','6599',15,'2023-04-27T20:02:34-07:00','2023-04-27T20:02:34-07:00');
INSERT INTO "areaexp" ("id","nombre","codigo","created","updated") VALUES (1,'Las Vegas','8101','2023-04-27T20:02:34-07:00','2023-04-27T20:02:34-07:00'),
 (2,'Las Vegas del Lili','8102','2023-04-27T20:02:34-07:00','2023-04-27T20:02:34-07:00'),
 (3,'Ciudad Melendez','8103','2023-04-27T20:02:34-07:00','2023-04-27T20:02:34-07:00'),
 (4,'Ciudad Melendez 2','8104','2023-04-27T20:02:34-07:00','2023-04-27T20:02:34-07:00'),
 (5,'El Guayabal','8105','2023-04-27T20:02:34-07:00','2023-04-27T20:02:34-07:00'),
 (6,'PP2','8106','2023-04-27T20:02:34-07:00','2023-04-27T20:02:34-07:00'),
 (7,'El Verdal - Gonchelandia','8107','2023-04-27T20:02:34-07:00','2023-04-27T20:02:34-07:00'),
 (8,'Bochalema','8108','2023-04-27T20:02:34-07:00','2023-04-27T20:02:34-07:00'),
 (9,'PP1','8109','2023-04-27T20:02:34-07:00','2023-04-27T20:02:34-07:00'),
 (10,'Andalucía (PP3)','8110','2023-04-27T20:02:34-07:00','2023-04-27T20:02:34-07:00'),
 (11,'Cachipay','8111','2023-04-27T20:02:34-07:00','2023-04-27T20:02:34-07:00'),
 (12,'Lituania - Dalandia','8112','2023-04-27T20:02:34-07:00','2023-04-27T20:02:34-07:00'),
 (13,'Piedrachiquita','8113','2023-04-27T20:02:34-07:00','2023-04-27T20:02:34-07:00'),
 (14,'El Capricho','8114','2023-04-27T20:02:34-07:00','2023-04-27T20:02:34-07:00'),
 (15,'El Marañon','8115','2023-04-27T20:02:34-07:00','2023-04-27T20:02:34-07:00'),
 (16,'PP4','8116','2023-04-27T20:02:34-07:00','2023-04-27T20:02:34-07:00'),
 (17,'PP5','8117','2023-04-27T20:02:34-07:00','2023-04-27T20:02:34-07:00'),
 (18,'Marañon Bajo','8118','2023-04-27T20:02:34-07:00','2023-04-27T20:02:34-07:00'),
 (19,'Zonaméríca','8119','2023-04-27T20:02:34-07:00','2023-04-27T20:02:34-07:00'),
 (20,'El Carmen - San Bartolo - PP11','8120','2023-04-27T20:02:34-07:00','2023-04-27T20:02:34-07:00'),
 (21,'PP9','8121','2023-04-27T20:02:34-07:00','2023-04-27T20:02:34-07:00'),
 (22,'PP10','8122','2023-04-27T20:02:34-07:00','2023-04-27T20:02:34-07:00'),
 (23,'PP8','8123','2023-04-27T20:02:34-07:00','2023-04-27T20:02:34-07:00'),
 (24,'PP6','8124','2023-04-27T20:02:34-07:00','2023-04-27T20:02:34-07:00');
INSERT INTO "areapro" ("id","nombre","codigo","created","updated") VALUES (1,'Jarillon Río Cauca I','9197','2023-04-27T20:02:34-07:00','2023-04-27T20:02:34-07:00'),
 (2,'Jarillon Río Cauca II','9198','2023-04-27T20:02:34-07:00','2023-04-27T20:02:34-07:00'),
 (3,'Jarillon Río Cauca III','9199','2023-04-27T20:02:34-07:00','2023-04-27T20:02:34-07:00');
INSERT INTO "tangara" ("id","mac","geohash","codigo","latitud","longitud","id_barrio","id_sector","id_areaexp","id_areapro","online","created","updated") VALUES (1,'D29ESP32DE02BBA','d29e6b4','TANGARA_2BBA','3.3844757080078125','-76.51634216308594',NULL,NULL,NULL,NULL,0,'2023-04-28T15:23:26.951755-05:00','2023-04-28T15:23:26.951755-05:00'),
 (2,'D29ESP32DE0DD66','d29dbmw','TANGARA_DD66','3.3267974853515625','-76.62071228027344',NULL,NULL,NULL,NULL,0,'2023-04-28T15:23:26.951755-05:00','2023-04-28T15:23:26.951755-05:00'),
 (3,'D29ESP32DE0E752','d29dbmw','TANGARA_E752','3.3267974853515625','-76.62071228027344',NULL,NULL,NULL,NULL,0,'2023-04-28T15:23:26.951755-05:00','2023-04-28T15:23:26.951755-05:00'),
 (4,'D29ESP32DE1260A','d29dbmw','TANGARA_260A','3.3267974853515625','-76.62071228027344',NULL,NULL,NULL,NULL,0,'2023-04-28T15:23:26.951755-05:00','2023-04-28T15:23:26.951755-05:00'),
 (5,'D29ESP32DE94B1A','d29dbmw','TANGARA_4B1A','3.3267974853515625','-76.62071228027344',NULL,NULL,NULL,NULL,0,'2023-04-28T15:23:26.951755-05:00','2023-04-28T15:23:26.951755-05:00'),
 (6,'D29ESP32DE965F2','d29dbmw','TANGARA_65F2','3.3267974853515625','-76.62071228027344',NULL,NULL,NULL,NULL,0,'2023-04-28T15:23:26.951755-05:00','2023-04-28T15:23:26.951755-05:00'),
 (7,'D29ESP32DEBD89A','d29dbmw','TANGARA_D89A','3.3267974853515625','-76.62071228027344',NULL,NULL,NULL,NULL,0,'2023-04-28T15:23:26.951755-05:00','2023-04-28T15:23:26.951755-05:00'),
 (8,'D29ESP32DEC1106','d29dbmw','TANGARA_1106','3.3267974853515625','-76.62071228027344',NULL,NULL,NULL,NULL,0,'2023-04-28T15:23:26.951755-05:00','2023-04-28T15:23:26.951755-05:00'),
 (9,'D29ESP32DED1282','d29edvs','TANGARA_1282','3.4586334228515625','-76.51359558105469',NULL,NULL,NULL,NULL,0,'2023-04-28T15:23:26.951755-05:00','2023-04-28T15:23:26.951755-05:00'),
 (10,'D29ESP32DED14D6','d29eg4k','TANGARA_14D6','3.4847259521484375','-76.50260925292969',NULL,NULL,NULL,NULL,0,'2023-04-28T15:23:26.951755-05:00','2023-04-28T15:23:26.951755-05:00'),
 (11,'D29ESP32DED1A1E','d29e7qm','TANGARA_1A1E','3.4188079833984375','-76.49024963378906',NULL,NULL,NULL,NULL,0,'2023-04-28T15:23:26.951755-05:00','2023-04-28T15:23:26.951755-05:00'),
 (12,'D29ESP32DED1EE6','d29edvs','TANGARA_1EE6','3.4586334228515625','-76.51359558105469',NULL,NULL,NULL,NULL,0,'2023-04-28T15:23:26.951755-05:00','2023-04-28T15:23:26.951755-05:00'),
 (13,'D29ESP32DED2492','d29e64g','TANGARA_2492','3.3995819091796875','-76.54792785644531',NULL,NULL,NULL,NULL,0,'2023-04-28T15:23:26.951755-05:00','2023-04-28T15:23:26.951755-05:00'),
 (14,'D29ESP32DED2852','d29e7qv','TANGARA_2852','3.4215545654296875','-76.49024963378906',NULL,NULL,NULL,NULL,0,'2023-04-28T15:23:26.951755-05:00','2023-04-28T15:23:26.951755-05:00'),
 (15,'D29ESP32DED2B42','d29e6pg','TANGARA_2B42','3.4270477294921875','-76.54792785644531',NULL,NULL,NULL,NULL,0,'2023-04-28T15:23:26.951755-05:00','2023-04-28T15:23:26.951755-05:00'),
 (16,'D29ESP32DED2E9A','d29ed62','TANGARA_2E9A','3.4407806396484375','-76.54106140136719',NULL,NULL,NULL,NULL,0,'2023-04-28T15:23:26.951755-05:00','2023-04-28T15:23:26.951755-05:00'),
 (17,'D29ESP32DED2FF6','d29e66v','TANGARA_2FF6','3.3995819091796875','-76.53419494628906',NULL,NULL,NULL,NULL,0,'2023-04-28T15:23:26.951755-05:00','2023-04-28T15:23:26.951755-05:00'),
 (18,'D29ESP32DED36FA','d29edh3','TANGARA_36FA','3.4517669677734375','-76.55067443847656',NULL,NULL,NULL,NULL,0,'2023-04-28T15:23:26.951755-05:00','2023-04-28T15:23:26.951755-05:00'),
 (19,'D29ESP32DED375E','d29e7qv','TANGARA_375E','3.4215545654296875','-76.49024963378906',NULL,NULL,NULL,NULL,0,'2023-04-28T15:23:26.951755-05:00','2023-04-28T15:23:26.951755-05:00'),
 (20,'D29ESP32DED3782','d29dbmw','TANGARA_3782','3.3267974853515625','-76.62071228027344',NULL,NULL,NULL,NULL,0,'2023-04-28T15:23:26.951755-05:00','2023-04-28T15:23:26.951755-05:00'),
 (21,'D29ESP32DEDF212','d29dbmw','TANGARA_F212','3.3267974853515625','-76.62071228027344',NULL,NULL,NULL,NULL,0,'2023-04-28T15:23:26.951755-05:00','2023-04-28T15:23:26.951755-05:00'),
 (22,'D29ESP32DEE1712','d29dbmw','TANGARA_1712','3.3267974853515625','-76.62071228027344',NULL,NULL,NULL,NULL,0,'2023-04-28T15:23:26.951755-05:00','2023-04-28T15:23:26.951755-05:00'),
 (23,'D29TTGOT7D48C6','d29ee19','TANGARA_48C6','3.4366607666015625','-76.50672912597656',NULL,NULL,NULL,NULL,0,'2023-04-28T15:23:26.951755-05:00','2023-04-28T15:23:26.951755-05:00'),
 (24,'D29TTGOTD8F1AE','d29eg69','TANGARA_F1AE','3.4860992431640625','-76.49574279785156',NULL,NULL,NULL,NULL,0,'2023-04-28T15:23:26.951755-05:00','2023-04-28T15:23:26.951755-05:00'),
 (25,'D29TTGOTD906BE','d29e6de','TANGARA_06BE','3.3982086181640625','-76.52595520019531',NULL,NULL,NULL,NULL,0,'2023-04-28T15:23:26.951755-05:00','2023-04-28T15:23:26.951755-05:00');
COMMIT;
